solid surface_temps_ground
  facet normal 0 0 1
    outer loop
      vertex 0 60 0
      vertex 5 60 0
      vertex 5 64 0
    endloop
  endfacet
  facet normal 0 0 1
    outer loop
      vertex 0 60 0
      vertex 5 64 0
      vertex 0 64 0
    endloop
  endfacet
  facet normal 0 0 1
    outer loop
      vertex 0 64 0
      vertex 5 64 0
      vertex 5 68 0
    endloop
  endfacet
  facet normal 0 0 1
    outer loop
      vertex 0 64 0
      vertex 5 68 0
      vertex 0 68 0
    endloop
  endfacet
  facet normal -0 0 1
    outer loop
      vertex 5 60 0
      vertex 10 60 0
      vertex 10 64 0
    endloop
  endfacet
  facet normal 0 0 1
    outer loop
      vertex 5 60 0
      vertex 10 64 0
      vertex 5 64 0
    endloop
  endfacet
  facet normal 0 0 1
    outer loop
      vertex 5 64 0
      vertex 10 64 0
      vertex 10 68 0
    endloop
  endfacet
  facet normal 0 0 1
    outer loop
      vertex 5 64 0
      vertex 10 68 0
      vertex 5 68 0
    endloop
  endfacet
  facet normal 0 0 1
    outer loop
      vertex 10 60 0
      vertex 15 60 0
      vertex 15 64 0
    endloop
  endfacet
  facet normal 0 0 1
    outer loop
      vertex 10 60 0
      vertex 15 64 0
      vertex 10 64 0
    endloop
  endfacet
  facet normal 0 0 1
    outer loop
      vertex 10 64 0
      vertex 15 64 0
      vertex 15 68 0
    endloop
  endfacet
  facet normal 0 0 1
    outer loop
      vertex 10 64 0
      vertex 15 68 0
      vertex 10 68 0
    endloop
  endfacet
  facet normal 0 0 1
    outer loop
      vertex 15 60 0
      vertex 20 60 0
      vertex 20 64 0
    endloop
  endfacet
  facet normal 0 0 1
    outer loop
      vertex 15 60 0
      vertex 20 64 0
      vertex 15 64 0
    endloop
  endfacet
  facet normal 0 0 1
    outer loop
      vertex 15 64 0
      vertex 20 64 0
      vertex 20 68 0
    endloop
  endfacet
  facet normal 0 0 1
    outer loop
      vertex 15 64 0
      vertex 20 68 0
      vertex 15 68 0
    endloop
  endfacet
  facet normal 0 0 1
    outer loop
      vertex 20 60 0
      vertex 25 60 0
      vertex 25 64 0
    endloop
  endfacet
  facet normal 0 0 1
    outer loop
      vertex 20 60 0
      vertex 25 64 0
      vertex 20 64 0
    endloop
  endfacet
  facet normal 0 0 1
    outer loop
      vertex 20 64 0
      vertex 25 64 0
      vertex 25 68 0
    endloop
  endfacet
  facet normal 0 0 1
    outer loop
      vertex 20 64 0
      vertex 25 68 0
      vertex 20 68 0
    endloop
  endfacet
  facet normal 0 0 1
    outer loop
      vertex 25 60 0
      vertex 30 60 0
      vertex 30 64 0
    endloop
  endfacet
  facet normal 0 0 1
    outer loop
      vertex 25 60 0
      vertex 30 64 0
      vertex 25 64 0
    endloop
  endfacet
  facet normal -0 0 1
    outer loop
      vertex 25 64 0
      vertex 30 64 0
      vertex 30 68 0
    endloop
  endfacet
  facet normal 0 0 1
    outer loop
      vertex 25 64 0
      vertex 30 68 0
      vertex 25 68 0
    endloop
  endfacet
  facet normal 0 0 1
    outer loop
      vertex 30 60 0
      vertex 35 60 0
      vertex 35 64 0
    endloop
  endfacet
  facet normal 0 0 1
    outer loop
      vertex 30 60 0
      vertex 35 64 0
      vertex 30 64 0
    endloop
  endfacet
  facet normal 0 0 1
    outer loop
      vertex 30 64 0
      vertex 35 64 0
      vertex 35 68 0
    endloop
  endfacet
  facet normal 0 0 1
    outer loop
      vertex 30 64 0
      vertex 35 68 0
      vertex 30 68 0
    endloop
  endfacet
  facet normal 0 0 1
    outer loop
      vertex 35 60 0
      vertex 40 60 0
      vertex 40 64 0
    endloop
  endfacet
  facet normal 0 0 1
    outer loop
      vertex 35 60 0
      vertex 40 64 0
      vertex 35 64 0
    endloop
  endfacet
  facet normal 0 0 1
    outer loop
      vertex 35 64 0
      vertex 40 64 0
      vertex 40 68 0
    endloop
  endfacet
  facet normal 0 0 1
    outer loop
      vertex 35 64 0
      vertex 40 68 0
      vertex 35 68 0
    endloop
  endfacet
  facet normal 0 0 1
    outer loop
      vertex 40 60 0
      vertex 45 60 0
      vertex 45 64 0
    endloop
  endfacet
  facet normal 0 0 1
    outer loop
      vertex 40 60 0
      vertex 45 64 0
      vertex 40 64 0
    endloop
  endfacet
  facet normal 0 0 1
    outer loop
      vertex 40 64 0
      vertex 45 64 0
      vertex 45 68 0
    endloop
  endfacet
  facet normal 0 0 1
    outer loop
      vertex 40 64 0
      vertex 45 68 0
      vertex 40 68 0
    endloop
  endfacet
  facet normal 0 0 1
    outer loop
      vertex 45 60 0
      vertex 50 60 0
      vertex 50 64 0
    endloop
  endfacet
  facet normal 0 0 1
    outer loop
      vertex 45 60 0
      vertex 50 64 0
      vertex 45 64 0
    endloop
  endfacet
  facet normal 0 0 1
    outer loop
      vertex 45 64 0
      vertex 50 64 0
      vertex 50 68 0
    endloop
  endfacet
  facet normal 0 0 1
    outer loop
      vertex 45 64 0
      vertex 50 68 0
      vertex 45 68 0
    endloop
  endfacet
  facet normal -0 0 1
    outer loop
      vertex 50 60 0
      vertex 55 60 0
      vertex 55 64 0
    endloop
  endfacet
  facet normal 0 0 1
    outer loop
      vertex 50 60 0
      vertex 55 64 0
      vertex 50 64 0
    endloop
  endfacet
  facet normal 0 0 1
    outer loop
      vertex 50 64 0
      vertex 55 64 0
      vertex 55 68 0
    endloop
  endfacet
  facet normal 0 0 1
    outer loop
      vertex 50 64 0
      vertex 55 68 0
      vertex 50 68 0
    endloop
  endfacet
  facet normal 0 0 1
    outer loop
      vertex 55 60 0
      vertex 60 60 0
      vertex 60 64 0
    endloop
  endfacet
  facet normal 0 0 1
    outer loop
      vertex 55 60 0
      vertex 60 64 0
      vertex 55 64 0
    endloop
  endfacet
  facet normal 0 0 1
    outer loop
      vertex 55 64 0
      vertex 60 64 0
      vertex 60 68 0
    endloop
  endfacet
  facet normal 0 0 1
    outer loop
      vertex 55 64 0
      vertex 60 68 0
      vertex 55 68 0
    endloop
  endfacet
  facet normal 0 0 1
    outer loop
      vertex 60 60 0
      vertex 65 60 0
      vertex 65 64 0
    endloop
  endfacet
  facet normal 0 0 1
    outer loop
      vertex 60 60 0
      vertex 65 64 0
      vertex 60 64 0
    endloop
  endfacet
  facet normal 0 0 1
    outer loop
      vertex 60 64 0
      vertex 65 64 0
      vertex 65 68 0
    endloop
  endfacet
  facet normal 0 0 1
    outer loop
      vertex 60 64 0
      vertex 65 68 0
      vertex 60 68 0
    endloop
  endfacet
  facet normal 0 0 1
    outer loop
      vertex 65 60 0
      vertex 70 60 0
      vertex 70 64 0
    endloop
  endfacet
  facet normal 0 0 1
    outer loop
      vertex 65 60 0
      vertex 70 64 0
      vertex 65 64 0
    endloop
  endfacet
  facet normal 0 0 1
    outer loop
      vertex 65 64 0
      vertex 70 64 0
      vertex 70 68 0
    endloop
  endfacet
  facet normal 0 0 1
    outer loop
      vertex 65 64 0
      vertex 70 68 0
      vertex 65 68 0
    endloop
  endfacet
  facet normal 0 0 1
    outer loop
      vertex 70 60 0
      vertex 75 60 0
      vertex 75 64 0
    endloop
  endfacet
  facet normal 0 0 1
    outer loop
      vertex 70 60 0
      vertex 75 64 0
      vertex 70 64 0
    endloop
  endfacet
  facet normal 0 0 1
    outer loop
      vertex 70 64 0
      vertex 75 64 0
      vertex 75 68 0
    endloop
  endfacet
  facet normal 0 0 1
    outer loop
      vertex 70 64 0
      vertex 75 68 0
      vertex 70 68 0
    endloop
  endfacet
  facet normal 0 0 1
    outer loop
      vertex 75 60 0
      vertex 80 60 0
      vertex 80 64 0
    endloop
  endfacet
  facet normal 0 0 1
    outer loop
      vertex 75 60 0
      vertex 80 64 0
      vertex 75 64 0
    endloop
  endfacet
  facet normal 0 0 1
    outer loop
      vertex 75 64 0
      vertex 80 64 0
      vertex 80 68 0
    endloop
  endfacet
  facet normal 0 0 1
    outer loop
      vertex 75 64 0
      vertex 80 68 0
      vertex 75 68 0
    endloop
  endfacet
  facet normal 0 0 1
    outer loop
      vertex 80 60 0
      vertex 85 60 0
      vertex 85 64 0
    endloop
  endfacet
  facet normal 0 0 1
    outer loop
      vertex 80 60 0
      vertex 85 64 0
      vertex 80 64 0
    endloop
  endfacet
  facet normal 0 0 1
    outer loop
      vertex 80 64 0
      vertex 85 64 0
      vertex 85 68 0
    endloop
  endfacet
  facet normal 0 0 1
    outer loop
      vertex 80 64 0
      vertex 85 68 0
      vertex 80 68 0
    endloop
  endfacet
  facet normal 0 0 1
    outer loop
      vertex 85 60 0
      vertex 90 60 0
      vertex 90 64 0
    endloop
  endfacet
  facet normal 0 0 1
    outer loop
      vertex 85 60 0
      vertex 90 64 0
      vertex 85 64 0
    endloop
  endfacet
  facet normal 0 0 1
    outer loop
      vertex 85 64 0
      vertex 90 64 0
      vertex 90 68 0
    endloop
  endfacet
  facet normal 0 0 1
    outer loop
      vertex 85 64 0
      vertex 90 68 0
      vertex 85 68 0
    endloop
  endfacet
  facet normal 0 0 1
    outer loop
      vertex 90 60 0
      vertex 95 60 0
      vertex 95 64 0
    endloop
  endfacet
  facet normal 0 0 1
    outer loop
      vertex 90 60 0
      vertex 95 64 0
      vertex 90 64 0
    endloop
  endfacet
  facet normal 0 0 1
    outer loop
      vertex 90 64 0
      vertex 95 64 0
      vertex 95 68 0
    endloop
  endfacet
  facet normal 0 0 1
    outer loop
      vertex 90 64 0
      vertex 95 68 0
      vertex 90 68 0
    endloop
  endfacet
  facet normal 0 0 1
    outer loop
      vertex 95 60 0
      vertex 100 60 0
      vertex 100 64 0
    endloop
  endfacet
  facet normal 0 0 1
    outer loop
      vertex 95 60 0
      vertex 100 64 0
      vertex 95 64 0
    endloop
  endfacet
  facet normal 0 0 1
    outer loop
      vertex 95 64 0
      vertex 100 64 0
      vertex 100 68 0
    endloop
  endfacet
  facet normal 0 0 1
    outer loop
      vertex 95 64 0
      vertex 100 68 0
      vertex 95 68 0
    endloop
  endfacet
  facet normal 0 0 1
    outer loop
      vertex 100 60 0
      vertex 105 60 0
      vertex 105 64 0
    endloop
  endfacet
  facet normal 0 0 1
    outer loop
      vertex 100 60 0
      vertex 105 64 0
      vertex 100 64 0
    endloop
  endfacet
  facet normal 0 0 1
    outer loop
      vertex 100 64 0
      vertex 105 64 0
      vertex 105 68 0
    endloop
  endfacet
  facet normal 0 0 1
    outer loop
      vertex 100 64 0
      vertex 105 68 0
      vertex 100 68 0
    endloop
  endfacet
  facet normal 0 0 1
    outer loop
      vertex 105 60 0
      vertex 110 60 0
      vertex 110 64 0
    endloop
  endfacet
  facet normal 0 0 1
    outer loop
      vertex 105 60 0
      vertex 110 64 0
      vertex 105 64 0
    endloop
  endfacet
  facet normal 0 0 1
    outer loop
      vertex 105 64 0
      vertex 110 64 0
      vertex 110 68 0
    endloop
  endfacet
  facet normal 0 0 1
    outer loop
      vertex 105 64 0
      vertex 110 68 0
      vertex 105 68 0
    endloop
  endfacet
  facet normal 0 0 1
    outer loop
      vertex 110 60 0
      vertex 115 60 0
      vertex 115 64 0
    endloop
  endfacet
  facet normal 0 0 1
    outer loop
      vertex 110 60 0
      vertex 115 64 0
      vertex 110 64 0
    endloop
  endfacet
  facet normal 0 0 1
    outer loop
      vertex 110 64 0
      vertex 115 64 0
      vertex 115 68 0
    endloop
  endfacet
  facet normal 0 0 1
    outer loop
      vertex 110 64 0
      vertex 115 68 0
      vertex 110 68 0
    endloop
  endfacet
  facet normal 0 0 1
    outer loop
      vertex 115 60 0
      vertex 120 60 0
      vertex 120 64 0
    endloop
  endfacet
  facet normal 0 0 1
    outer loop
      vertex 115 60 0
      vertex 120 64 0
      vertex 115 64 0
    endloop
  endfacet
  facet normal 0 0 1
    outer loop
      vertex 115 64 0
      vertex 120 64 0
      vertex 120 68 0
    endloop
  endfacet
  facet normal 0 0 1
    outer loop
      vertex 115 64 0
      vertex 120 68 0
      vertex 115 68 0
    endloop
  endfacet
  facet normal 0 0 1
    outer loop
      vertex 120 60 0
      vertex 125 60 0
      vertex 125 64 0
    endloop
  endfacet
  facet normal 0 0 1
    outer loop
      vertex 120 60 0
      vertex 125 64 0
      vertex 120 64 0
    endloop
  endfacet
  facet normal 0 0 1
    outer loop
      vertex 120 64 0
      vertex 125 64 0
      vertex 125 68 0
    endloop
  endfacet
  facet normal 0 0 1
    outer loop
      vertex 120 64 0
      vertex 125 68 0
      vertex 120 68 0
    endloop
  endfacet
  facet normal 0 0 1
    outer loop
      vertex 125 60 0
      vertex 130 60 0
      vertex 130 64 0
    endloop
  endfacet
  facet normal 0 0 1
    outer loop
      vertex 125 60 0
      vertex 130 64 0
      vertex 125 64 0
    endloop
  endfacet
  facet normal 0 0 1
    outer loop
      vertex 125 64 0
      vertex 130 64 0
      vertex 130 68 0
    endloop
  endfacet
  facet normal 0 0 1
    outer loop
      vertex 125 64 0
      vertex 130 68 0
      vertex 125 68 0
    endloop
  endfacet
  facet normal 0 0 1
    outer loop
      vertex 130 60 0
      vertex 135 60 0
      vertex 135 64 0
    endloop
  endfacet
  facet normal 0 0 1
    outer loop
      vertex 130 60 0
      vertex 135 64 0
      vertex 130 64 0
    endloop
  endfacet
  facet normal 0 0 1
    outer loop
      vertex 130 64 0
      vertex 135 64 0
      vertex 135 68 0
    endloop
  endfacet
  facet normal 0 0 1
    outer loop
      vertex 130 64 0
      vertex 135 68 0
      vertex 130 68 0
    endloop
  endfacet
  facet normal 0 0 1
    outer loop
      vertex 135 60 0
      vertex 140 60 0
      vertex 140 64 0
    endloop
  endfacet
  facet normal 0 0 1
    outer loop
      vertex 135 60 0
      vertex 140 64 0
      vertex 135 64 0
    endloop
  endfacet
  facet normal 0 0 1
    outer loop
      vertex 135 64 0
      vertex 140 64 0
      vertex 140 68 0
    endloop
  endfacet
  facet normal 0 0 1
    outer loop
      vertex 135 64 0
      vertex 140 68 0
      vertex 135 68 0
    endloop
  endfacet
  facet normal 0 0 1
    outer loop
      vertex 140 60 0
      vertex 145 60 0
      vertex 145 64 0
    endloop
  endfacet
  facet normal 0 0 1
    outer loop
      vertex 140 60 0
      vertex 145 64 0
      vertex 140 64 0
    endloop
  endfacet
  facet normal 0 0 1
    outer loop
      vertex 140 64 0
      vertex 145 64 0
      vertex 145 68 0
    endloop
  endfacet
  facet normal 0 0 1
    outer loop
      vertex 140 64 0
      vertex 145 68 0
      vertex 140 68 0
    endloop
  endfacet
  facet normal 0 0 1
    outer loop
      vertex 145 60 0
      vertex 150 60 0
      vertex 150 64 0
    endloop
  endfacet
  facet normal 0 0 1
    outer loop
      vertex 145 60 0
      vertex 150 64 0
      vertex 145 64 0
    endloop
  endfacet
  facet normal -0 0 1
    outer loop
      vertex 145 64 0
      vertex 150 64 0
      vertex 150 68 0
    endloop
  endfacet
  facet normal 0 0 1
    outer loop
      vertex 145 64 0
      vertex 150 68 0
      vertex 145 68 0
    endloop
  endfacet
  facet normal 0 0 1
    outer loop
      vertex 150 60 0
      vertex 155 60 0
      vertex 155 64 0
    endloop
  endfacet
  facet normal 0 0 1
    outer loop
      vertex 150 60 0
      vertex 155 64 0
      vertex 150 64 0
    endloop
  endfacet
  facet normal 0 0 1
    outer loop
      vertex 150 64 0
      vertex 155 64 0
      vertex 155 68 0
    endloop
  endfacet
  facet normal 0 0 1
    outer loop
      vertex 150 64 0
      vertex 155 68 0
      vertex 150 68 0
    endloop
  endfacet
  facet normal 0 0 1
    outer loop
      vertex 155 60 0
      vertex 160 60 0
      vertex 160 64 0
    endloop
  endfacet
  facet normal 0 0 1
    outer loop
      vertex 155 60 0
      vertex 160 64 0
      vertex 155 64 0
    endloop
  endfacet
  facet normal 0 0 1
    outer loop
      vertex 155 64 0
      vertex 160 64 0
      vertex 160 68 0
    endloop
  endfacet
  facet normal 0 0 1
    outer loop
      vertex 155 64 0
      vertex 160 68 0
      vertex 155 68 0
    endloop
  endfacet
  facet normal 0 0 1
    outer loop
      vertex 160 60 0
      vertex 165 60 0
      vertex 165 64 0
    endloop
  endfacet
  facet normal 0 0 1
    outer loop
      vertex 160 60 0
      vertex 165 64 0
      vertex 160 64 0
    endloop
  endfacet
  facet normal 0 0 1
    outer loop
      vertex 160 64 0
      vertex 165 64 0
      vertex 165 68 0
    endloop
  endfacet
  facet normal 0 0 1
    outer loop
      vertex 160 64 0
      vertex 165 68 0
      vertex 160 68 0
    endloop
  endfacet
  facet normal 0 0 1
    outer loop
      vertex 165 60 0
      vertex 170 60 0
      vertex 170 64 0
    endloop
  endfacet
  facet normal 0 0 1
    outer loop
      vertex 165 60 0
      vertex 170 64 0
      vertex 165 64 0
    endloop
  endfacet
  facet normal 0 0 1
    outer loop
      vertex 165 64 0
      vertex 170 64 0
      vertex 170 68 0
    endloop
  endfacet
  facet normal 0 0 1
    outer loop
      vertex 165 64 0
      vertex 170 68 0
      vertex 165 68 0
    endloop
  endfacet
  facet normal 0 0 1
    outer loop
      vertex 170 60 0
      vertex 175 60 0
      vertex 175 64 0
    endloop
  endfacet
  facet normal 0 0 1
    outer loop
      vertex 170 60 0
      vertex 175 64 0
      vertex 170 64 0
    endloop
  endfacet
  facet normal -0 0 1
    outer loop
      vertex 170 64 0
      vertex 175 64 0
      vertex 175 68 0
    endloop
  endfacet
  facet normal 0 0 1
    outer loop
      vertex 170 64 0
      vertex 175 68 0
      vertex 170 68 0
    endloop
  endfacet
  facet normal 0 0 1
    outer loop
      vertex 175 60 0
      vertex 180 60 0
      vertex 180 64 0
    endloop
  endfacet
  facet normal 0 0 1
    outer loop
      vertex 175 60 0
      vertex 180 64 0
      vertex 175 64 0
    endloop
  endfacet
  facet normal 0 0 1
    outer loop
      vertex 175 64 0
      vertex 180 64 0
      vertex 180 68 0
    endloop
  endfacet
  facet normal 0 0 1
    outer loop
      vertex 175 64 0
      vertex 180 68 0
      vertex 175 68 0
    endloop
  endfacet
  facet normal 0 0 1
    outer loop
      vertex 180 60 0
      vertex 185 60 0
      vertex 185 64 0
    endloop
  endfacet
  facet normal 0 0 1
    outer loop
      vertex 180 60 0
      vertex 185 64 0
      vertex 180 64 0
    endloop
  endfacet
  facet normal 0 0 1
    outer loop
      vertex 180 64 0
      vertex 185 64 0
      vertex 185 68 0
    endloop
  endfacet
  facet normal 0 0 1
    outer loop
      vertex 180 64 0
      vertex 185 68 0
      vertex 180 68 0
    endloop
  endfacet
  facet normal 0 0 1
    outer loop
      vertex 185 60 0
      vertex 190 60 0
      vertex 190 64 0
    endloop
  endfacet
  facet normal 0 0 1
    outer loop
      vertex 185 60 0
      vertex 190 64 0
      vertex 185 64 0
    endloop
  endfacet
  facet normal 0 0 1
    outer loop
      vertex 185 64 0
      vertex 190 64 0
      vertex 190 68 0
    endloop
  endfacet
  facet normal 0 0 1
    outer loop
      vertex 185 64 0
      vertex 190 68 0
      vertex 185 68 0
    endloop
  endfacet
  facet normal 0 0 1
    outer loop
      vertex 0 120 0
      vertex 5 120 0
      vertex 5 124 0
    endloop
  endfacet
  facet normal 0 0 1
    outer loop
      vertex 0 120 0
      vertex 5 124 0
      vertex 0 124 0
    endloop
  endfacet
  facet normal 0 0 1
    outer loop
      vertex 0 124 0
      vertex 5 124 0
      vertex 5 128 0
    endloop
  endfacet
  facet normal 0 0 1
    outer loop
      vertex 0 124 0
      vertex 5 128 0
      vertex 0 128 0
    endloop
  endfacet
  facet normal -0 0 1
    outer loop
      vertex 5 120 0
      vertex 10 120 0
      vertex 10 124 0
    endloop
  endfacet
  facet normal 0 0 1
    outer loop
      vertex 5 120 0
      vertex 10 124 0
      vertex 5 124 0
    endloop
  endfacet
  facet normal 0 0 1
    outer loop
      vertex 5 124 0
      vertex 10 124 0
      vertex 10 128 0
    endloop
  endfacet
  facet normal 0 0 1
    outer loop
      vertex 5 124 0
      vertex 10 128 0
      vertex 5 128 0
    endloop
  endfacet
  facet normal 0 0 1
    outer loop
      vertex 10 120 0
      vertex 15 120 0
      vertex 15 124 0
    endloop
  endfacet
  facet normal 0 0 1
    outer loop
      vertex 10 120 0
      vertex 15 124 0
      vertex 10 124 0
    endloop
  endfacet
  facet normal 0 0 1
    outer loop
      vertex 10 124 0
      vertex 15 124 0
      vertex 15 128 0
    endloop
  endfacet
  facet normal 0 0 1
    outer loop
      vertex 10 124 0
      vertex 15 128 0
      vertex 10 128 0
    endloop
  endfacet
  facet normal 0 0 1
    outer loop
      vertex 15 120 0
      vertex 20 120 0
      vertex 20 124 0
    endloop
  endfacet
  facet normal 0 0 1
    outer loop
      vertex 15 120 0
      vertex 20 124 0
      vertex 15 124 0
    endloop
  endfacet
  facet normal 0 0 1
    outer loop
      vertex 15 124 0
      vertex 20 124 0
      vertex 20 128 0
    endloop
  endfacet
  facet normal 0 0 1
    outer loop
      vertex 15 124 0
      vertex 20 128 0
      vertex 15 128 0
    endloop
  endfacet
  facet normal 0 0 1
    outer loop
      vertex 20 120 0
      vertex 25 120 0
      vertex 25 124 0
    endloop
  endfacet
  facet normal 0 0 1
    outer loop
      vertex 20 120 0
      vertex 25 124 0
      vertex 20 124 0
    endloop
  endfacet
  facet normal 0 0 1
    outer loop
      vertex 20 124 0
      vertex 25 124 0
      vertex 25 128 0
    endloop
  endfacet
  facet normal 0 0 1
    outer loop
      vertex 20 124 0
      vertex 25 128 0
      vertex 20 128 0
    endloop
  endfacet
  facet normal 0 0 1
    outer loop
      vertex 25 120 0
      vertex 30 120 0
      vertex 30 124 0
    endloop
  endfacet
  facet normal 0 0 1
    outer loop
      vertex 25 120 0
      vertex 30 124 0
      vertex 25 124 0
    endloop
  endfacet
  facet normal 0 0 1
    outer loop
      vertex 25 124 0
      vertex 30 124 0
      vertex 30 128 0
    endloop
  endfacet
  facet normal 0 0 1
    outer loop
      vertex 25 124 0
      vertex 30 128 0
      vertex 25 128 0
    endloop
  endfacet
  facet normal 0 0 1
    outer loop
      vertex 30 120 0
      vertex 35 120 0
      vertex 35 124 0
    endloop
  endfacet
  facet normal 0 0 1
    outer loop
      vertex 30 120 0
      vertex 35 124 0
      vertex 30 124 0
    endloop
  endfacet
  facet normal 0 0 1
    outer loop
      vertex 30 124 0
      vertex 35 124 0
      vertex 35 128 0
    endloop
  endfacet
  facet normal 0 0 1
    outer loop
      vertex 30 124 0
      vertex 35 128 0
      vertex 30 128 0
    endloop
  endfacet
  facet normal 0 0 1
    outer loop
      vertex 35 120 0
      vertex 40 120 0
      vertex 40 124 0
    endloop
  endfacet
  facet normal 0 0 1
    outer loop
      vertex 35 120 0
      vertex 40 124 0
      vertex 35 124 0
    endloop
  endfacet
  facet normal 0 0 1
    outer loop
      vertex 35 124 0
      vertex 40 124 0
      vertex 40 128 0
    endloop
  endfacet
  facet normal 0 0 1
    outer loop
      vertex 35 124 0
      vertex 40 128 0
      vertex 35 128 0
    endloop
  endfacet
  facet normal 0 0 1
    outer loop
      vertex 40 120 0
      vertex 45 120 0
      vertex 45 124 0
    endloop
  endfacet
  facet normal 0 0 1
    outer loop
      vertex 40 120 0
      vertex 45 124 0
      vertex 40 124 0
    endloop
  endfacet
  facet normal 0 0 1
    outer loop
      vertex 40 124 0
      vertex 45 124 0
      vertex 45 128 0
    endloop
  endfacet
  facet normal 0 0 1
    outer loop
      vertex 40 124 0
      vertex 45 128 0
      vertex 40 128 0
    endloop
  endfacet
  facet normal 0 0 1
    outer loop
      vertex 45 120 0
      vertex 50 120 0
      vertex 50 124 0
    endloop
  endfacet
  facet normal 0 0 1
    outer loop
      vertex 45 120 0
      vertex 50 124 0
      vertex 45 124 0
    endloop
  endfacet
  facet normal 0 0 1
    outer loop
      vertex 45 124 0
      vertex 50 124 0
      vertex 50 128 0
    endloop
  endfacet
  facet normal 0 0 1
    outer loop
      vertex 45 124 0
      vertex 50 128 0
      vertex 45 128 0
    endloop
  endfacet
  facet normal -0 0 1
    outer loop
      vertex 50 120 0
      vertex 55 120 0
      vertex 55 124 0
    endloop
  endfacet
  facet normal 0 0 1
    outer loop
      vertex 50 120 0
      vertex 55 124 0
      vertex 50 124 0
    endloop
  endfacet
  facet normal -0 0 1
    outer loop
      vertex 50 124 0
      vertex 55 124 0
      vertex 55 128 0
    endloop
  endfacet
  facet normal 0 0 1
    outer loop
      vertex 50 124 0
      vertex 55 128 0
      vertex 50 128 0
    endloop
  endfacet
  facet normal 0 0 1
    outer loop
      vertex 55 120 0
      vertex 60 120 0
      vertex 60 124 0
    endloop
  endfacet
  facet normal 0 0 1
    outer loop
      vertex 55 120 0
      vertex 60 124 0
      vertex 55 124 0
    endloop
  endfacet
  facet normal 0 0 1
    outer loop
      vertex 55 124 0
      vertex 60 124 0
      vertex 60 128 0
    endloop
  endfacet
  facet normal 0 0 1
    outer loop
      vertex 55 124 0
      vertex 60 128 0
      vertex 55 128 0
    endloop
  endfacet
  facet normal 0 0 1
    outer loop
      vertex 60 120 0
      vertex 65 120 0
      vertex 65 124 0
    endloop
  endfacet
  facet normal 0 0 1
    outer loop
      vertex 60 120 0
      vertex 65 124 0
      vertex 60 124 0
    endloop
  endfacet
  facet normal 0 0 1
    outer loop
      vertex 60 124 0
      vertex 65 124 0
      vertex 65 128 0
    endloop
  endfacet
  facet normal 0 0 1
    outer loop
      vertex 60 124 0
      vertex 65 128 0
      vertex 60 128 0
    endloop
  endfacet
  facet normal 0 0 1
    outer loop
      vertex 65 120 0
      vertex 70 120 0
      vertex 70 124 0
    endloop
  endfacet
  facet normal 0 0 1
    outer loop
      vertex 65 120 0
      vertex 70 124 0
      vertex 65 124 0
    endloop
  endfacet
  facet normal 0 0 1
    outer loop
      vertex 65 124 0
      vertex 70 124 0
      vertex 70 128 0
    endloop
  endfacet
  facet normal 0 0 1
    outer loop
      vertex 65 124 0
      vertex 70 128 0
      vertex 65 128 0
    endloop
  endfacet
  facet normal 0 0 1
    outer loop
      vertex 70 120 0
      vertex 75 120 0
      vertex 75 124 0
    endloop
  endfacet
  facet normal 0 0 1
    outer loop
      vertex 70 120 0
      vertex 75 124 0
      vertex 70 124 0
    endloop
  endfacet
  facet normal 0 0 1
    outer loop
      vertex 70 124 0
      vertex 75 124 0
      vertex 75 128 0
    endloop
  endfacet
  facet normal 0 0 1
    outer loop
      vertex 70 124 0
      vertex 75 128 0
      vertex 70 128 0
    endloop
  endfacet
  facet normal 0 0 1
    outer loop
      vertex 75 120 0
      vertex 80 120 0
      vertex 80 124 0
    endloop
  endfacet
  facet normal 0 0 1
    outer loop
      vertex 75 120 0
      vertex 80 124 0
      vertex 75 124 0
    endloop
  endfacet
  facet normal 0 0 1
    outer loop
      vertex 75 124 0
      vertex 80 124 0
      vertex 80 128 0
    endloop
  endfacet
  facet normal 0 0 1
    outer loop
      vertex 75 124 0
      vertex 80 128 0
      vertex 75 128 0
    endloop
  endfacet
  facet normal 0 0 1
    outer loop
      vertex 80 120 0
      vertex 85 120 0
      vertex 85 124 0
    endloop
  endfacet
  facet normal 0 0 1
    outer loop
      vertex 80 120 0
      vertex 85 124 0
      vertex 80 124 0
    endloop
  endfacet
  facet normal 0 0 1
    outer loop
      vertex 80 124 0
      vertex 85 124 0
      vertex 85 128 0
    endloop
  endfacet
  facet normal 0 0 1
    outer loop
      vertex 80 124 0
      vertex 85 128 0
      vertex 80 128 0
    endloop
  endfacet
  facet normal 0 0 1
    outer loop
      vertex 85 120 0
      vertex 90 120 0
      vertex 90 124 0
    endloop
  endfacet
  facet normal 0 0 1
    outer loop
      vertex 85 120 0
      vertex 90 124 0
      vertex 85 124 0
    endloop
  endfacet
  facet normal 0 0 1
    outer loop
      vertex 85 124 0
      vertex 90 124 0
      vertex 90 128 0
    endloop
  endfacet
  facet normal 0 0 1
    outer loop
      vertex 85 124 0
      vertex 90 128 0
      vertex 85 128 0
    endloop
  endfacet
  facet normal 0 0 1
    outer loop
      vertex 90 120 0
      vertex 95 120 0
      vertex 95 124 0
    endloop
  endfacet
  facet normal 0 0 1
    outer loop
      vertex 90 120 0
      vertex 95 124 0
      vertex 90 124 0
    endloop
  endfacet
  facet normal 0 0 1
    outer loop
      vertex 90 124 0
      vertex 95 124 0
      vertex 95 128 0
    endloop
  endfacet
  facet normal 0 0 1
    outer loop
      vertex 90 124 0
      vertex 95 128 0
      vertex 90 128 0
    endloop
  endfacet
  facet normal 0 0 1
    outer loop
      vertex 95 120 0
      vertex 100 120 0
      vertex 100 124 0
    endloop
  endfacet
  facet normal 0 0 1
    outer loop
      vertex 95 120 0
      vertex 100 124 0
      vertex 95 124 0
    endloop
  endfacet
  facet normal 0 0 1
    outer loop
      vertex 95 124 0
      vertex 100 124 0
      vertex 100 128 0
    endloop
  endfacet
  facet normal 0 0 1
    outer loop
      vertex 95 124 0
      vertex 100 128 0
      vertex 95 128 0
    endloop
  endfacet
  facet normal 0 0 1
    outer loop
      vertex 100 120 0
      vertex 105 120 0
      vertex 105 124 0
    endloop
  endfacet
  facet normal 0 0 1
    outer loop
      vertex 100 120 0
      vertex 105 124 0
      vertex 100 124 0
    endloop
  endfacet
  facet normal 0 0 1
    outer loop
      vertex 100 124 0
      vertex 105 124 0
      vertex 105 128 0
    endloop
  endfacet
  facet normal 0 0 1
    outer loop
      vertex 100 124 0
      vertex 105 128 0
      vertex 100 128 0
    endloop
  endfacet
  facet normal 0 0 1
    outer loop
      vertex 105 120 0
      vertex 110 120 0
      vertex 110 124 0
    endloop
  endfacet
  facet normal 0 0 1
    outer loop
      vertex 105 120 0
      vertex 110 124 0
      vertex 105 124 0
    endloop
  endfacet
  facet normal 0 0 1
    outer loop
      vertex 105 124 0
      vertex 110 124 0
      vertex 110 128 0
    endloop
  endfacet
  facet normal 0 0 1
    outer loop
      vertex 105 124 0
      vertex 110 128 0
      vertex 105 128 0
    endloop
  endfacet
  facet normal 0 0 1
    outer loop
      vertex 110 120 0
      vertex 115 120 0
      vertex 115 124 0
    endloop
  endfacet
  facet normal 0 0 1
    outer loop
      vertex 110 120 0
      vertex 115 124 0
      vertex 110 124 0
    endloop
  endfacet
  facet normal 0 0 1
    outer loop
      vertex 110 124 0
      vertex 115 124 0
      vertex 115 128 0
    endloop
  endfacet
  facet normal 0 0 1
    outer loop
      vertex 110 124 0
      vertex 115 128 0
      vertex 110 128 0
    endloop
  endfacet
  facet normal 0 0 1
    outer loop
      vertex 115 120 0
      vertex 120 120 0
      vertex 120 124 0
    endloop
  endfacet
  facet normal 0 0 1
    outer loop
      vertex 115 120 0
      vertex 120 124 0
      vertex 115 124 0
    endloop
  endfacet
  facet normal 0 0 1
    outer loop
      vertex 115 124 0
      vertex 120 124 0
      vertex 120 128 0
    endloop
  endfacet
  facet normal 0 0 1
    outer loop
      vertex 115 124 0
      vertex 120 128 0
      vertex 115 128 0
    endloop
  endfacet
  facet normal 0 0 1
    outer loop
      vertex 120 120 0
      vertex 125 120 0
      vertex 125 124 0
    endloop
  endfacet
  facet normal 0 0 1
    outer loop
      vertex 120 120 0
      vertex 125 124 0
      vertex 120 124 0
    endloop
  endfacet
  facet normal 0 0 1
    outer loop
      vertex 120 124 0
      vertex 125 124 0
      vertex 125 128 0
    endloop
  endfacet
  facet normal 0 0 1
    outer loop
      vertex 120 124 0
      vertex 125 128 0
      vertex 120 128 0
    endloop
  endfacet
  facet normal 0 0 1
    outer loop
      vertex 125 120 0
      vertex 130 120 0
      vertex 130 124 0
    endloop
  endfacet
  facet normal 0 0 1
    outer loop
      vertex 125 120 0
      vertex 130 124 0
      vertex 125 124 0
    endloop
  endfacet
  facet normal 0 0 1
    outer loop
      vertex 125 124 0
      vertex 130 124 0
      vertex 130 128 0
    endloop
  endfacet
  facet normal 0 0 1
    outer loop
      vertex 125 124 0
      vertex 130 128 0
      vertex 125 128 0
    endloop
  endfacet
  facet normal 0 0 1
    outer loop
      vertex 130 120 0
      vertex 135 120 0
      vertex 135 124 0
    endloop
  endfacet
  facet normal 0 0 1
    outer loop
      vertex 130 120 0
      vertex 135 124 0
      vertex 130 124 0
    endloop
  endfacet
  facet normal 0 0 1
    outer loop
      vertex 130 124 0
      vertex 135 124 0
      vertex 135 128 0
    endloop
  endfacet
  facet normal 0 0 1
    outer loop
      vertex 130 124 0
      vertex 135 128 0
      vertex 130 128 0
    endloop
  endfacet
  facet normal 0 0 1
    outer loop
      vertex 135 120 0
      vertex 140 120 0
      vertex 140 124 0
    endloop
  endfacet
  facet normal 0 0 1
    outer loop
      vertex 135 120 0
      vertex 140 124 0
      vertex 135 124 0
    endloop
  endfacet
  facet normal 0 0 1
    outer loop
      vertex 135 124 0
      vertex 140 124 0
      vertex 140 128 0
    endloop
  endfacet
  facet normal 0 0 1
    outer loop
      vertex 135 124 0
      vertex 140 128 0
      vertex 135 128 0
    endloop
  endfacet
  facet normal 0 0 1
    outer loop
      vertex 140 120 0
      vertex 145 120 0
      vertex 145 124 0
    endloop
  endfacet
  facet normal 0 0 1
    outer loop
      vertex 140 120 0
      vertex 145 124 0
      vertex 140 124 0
    endloop
  endfacet
  facet normal 0 0 1
    outer loop
      vertex 140 124 0
      vertex 145 124 0
      vertex 145 128 0
    endloop
  endfacet
  facet normal 0 0 1
    outer loop
      vertex 140 124 0
      vertex 145 128 0
      vertex 140 128 0
    endloop
  endfacet
  facet normal 0 0 1
    outer loop
      vertex 145 120 0
      vertex 150 120 0
      vertex 150 124 0
    endloop
  endfacet
  facet normal 0 0 1
    outer loop
      vertex 145 120 0
      vertex 150 124 0
      vertex 145 124 0
    endloop
  endfacet
  facet normal 0 0 1
    outer loop
      vertex 145 124 0
      vertex 150 124 0
      vertex 150 128 0
    endloop
  endfacet
  facet normal 0 0 1
    outer loop
      vertex 145 124 0
      vertex 150 128 0
      vertex 145 128 0
    endloop
  endfacet
  facet normal 0 0 1
    outer loop
      vertex 150 120 0
      vertex 155 120 0
      vertex 155 124 0
    endloop
  endfacet
  facet normal 0 0 1
    outer loop
      vertex 150 120 0
      vertex 155 124 0
      vertex 150 124 0
    endloop
  endfacet
  facet normal 0 0 1
    outer loop
      vertex 150 124 0
      vertex 155 124 0
      vertex 155 128 0
    endloop
  endfacet
  facet normal 0 0 1
    outer loop
      vertex 150 124 0
      vertex 155 128 0
      vertex 150 128 0
    endloop
  endfacet
  facet normal 0 0 1
    outer loop
      vertex 155 120 0
      vertex 160 120 0
      vertex 160 124 0
    endloop
  endfacet
  facet normal 0 0 1
    outer loop
      vertex 155 120 0
      vertex 160 124 0
      vertex 155 124 0
    endloop
  endfacet
  facet normal 0 0 1
    outer loop
      vertex 155 124 0
      vertex 160 124 0
      vertex 160 128 0
    endloop
  endfacet
  facet normal 0 0 1
    outer loop
      vertex 155 124 0
      vertex 160 128 0
      vertex 155 128 0
    endloop
  endfacet
  facet normal 0 0 1
    outer loop
      vertex 160 120 0
      vertex 165 120 0
      vertex 165 124 0
    endloop
  endfacet
  facet normal 0 0 1
    outer loop
      vertex 160 120 0
      vertex 165 124 0
      vertex 160 124 0
    endloop
  endfacet
  facet normal 0 0 1
    outer loop
      vertex 160 124 0
      vertex 165 124 0
      vertex 165 128 0
    endloop
  endfacet
  facet normal 0 0 1
    outer loop
      vertex 160 124 0
      vertex 165 128 0
      vertex 160 128 0
    endloop
  endfacet
  facet normal 0 0 1
    outer loop
      vertex 165 120 0
      vertex 170 120 0
      vertex 170 124 0
    endloop
  endfacet
  facet normal 0 0 1
    outer loop
      vertex 165 120 0
      vertex 170 124 0
      vertex 165 124 0
    endloop
  endfacet
  facet normal 0 0 1
    outer loop
      vertex 165 124 0
      vertex 170 124 0
      vertex 170 128 0
    endloop
  endfacet
  facet normal 0 0 1
    outer loop
      vertex 165 124 0
      vertex 170 128 0
      vertex 165 128 0
    endloop
  endfacet
  facet normal 0 0 1
    outer loop
      vertex 170 120 0
      vertex 175 120 0
      vertex 175 124 0
    endloop
  endfacet
  facet normal 0 0 1
    outer loop
      vertex 170 120 0
      vertex 175 124 0
      vertex 170 124 0
    endloop
  endfacet
  facet normal 0 0 1
    outer loop
      vertex 170 124 0
      vertex 175 124 0
      vertex 175 128 0
    endloop
  endfacet
  facet normal 0 0 1
    outer loop
      vertex 170 124 0
      vertex 175 128 0
      vertex 170 128 0
    endloop
  endfacet
  facet normal 0 0 1
    outer loop
      vertex 175 120 0
      vertex 180 120 0
      vertex 180 124 0
    endloop
  endfacet
  facet normal 0 0 1
    outer loop
      vertex 175 120 0
      vertex 180 124 0
      vertex 175 124 0
    endloop
  endfacet
  facet normal 0 0 1
    outer loop
      vertex 175 124 0
      vertex 180 124 0
      vertex 180 128 0
    endloop
  endfacet
  facet normal 0 0 1
    outer loop
      vertex 175 124 0
      vertex 180 128 0
      vertex 175 128 0
    endloop
  endfacet
  facet normal 0 0 1
    outer loop
      vertex 180 120 0
      vertex 185 120 0
      vertex 185 124 0
    endloop
  endfacet
  facet normal 0 0 1
    outer loop
      vertex 180 120 0
      vertex 185 124 0
      vertex 180 124 0
    endloop
  endfacet
  facet normal 0 0 1
    outer loop
      vertex 180 124 0
      vertex 185 124 0
      vertex 185 128 0
    endloop
  endfacet
  facet normal 0 0 1
    outer loop
      vertex 180 124 0
      vertex 185 128 0
      vertex 180 128 0
    endloop
  endfacet
  facet normal 0 0 1
    outer loop
      vertex 185 120 0
      vertex 190 120 0
      vertex 190 124 0
    endloop
  endfacet
  facet normal 0 0 1
    outer loop
      vertex 185 120 0
      vertex 190 124 0
      vertex 185 124 0
    endloop
  endfacet
  facet normal 0 0 1
    outer loop
      vertex 185 124 0
      vertex 190 124 0
      vertex 190 128 0
    endloop
  endfacet
  facet normal 0 0 1
    outer loop
      vertex 185 124 0
      vertex 190 128 0
      vertex 185 128 0
    endloop
  endfacet
  facet normal 0 0 1
    outer loop
      vertex 0 175 0
      vertex 5 175 0
      vertex 5 179 0
    endloop
  endfacet
  facet normal 0 0 1
    outer loop
      vertex 0 175 0
      vertex 5 179 0
      vertex 0 179 0
    endloop
  endfacet
  facet normal 0 0 1
    outer loop
      vertex 0 179 0
      vertex 5 179 0
      vertex 5 183 0
    endloop
  endfacet
  facet normal 0 0 1
    outer loop
      vertex 0 179 0
      vertex 5 183 0
      vertex 0 183 0
    endloop
  endfacet
  facet normal 0 0 1
    outer loop
      vertex 5 175 0
      vertex 10 175 0
      vertex 10 179 0
    endloop
  endfacet
  facet normal 0 0 1
    outer loop
      vertex 5 175 0
      vertex 10 179 0
      vertex 5 179 0
    endloop
  endfacet
  facet normal 0 0 1
    outer loop
      vertex 5 179 0
      vertex 10 179 0
      vertex 10 183 0
    endloop
  endfacet
  facet normal 0 0 1
    outer loop
      vertex 5 179 0
      vertex 10 183 0
      vertex 5 183 0
    endloop
  endfacet
  facet normal -0 0 1
    outer loop
      vertex 10 175 0
      vertex 15 175 0
      vertex 15 179 0
    endloop
  endfacet
  facet normal 0 0 1
    outer loop
      vertex 10 175 0
      vertex 15 179 0
      vertex 10 179 0
    endloop
  endfacet
  facet normal 0 0 1
    outer loop
      vertex 10 179 0
      vertex 15 179 0
      vertex 15 183 0
    endloop
  endfacet
  facet normal 0 0 1
    outer loop
      vertex 10 179 0
      vertex 15 183 0
      vertex 10 183 0
    endloop
  endfacet
  facet normal 0 0 1
    outer loop
      vertex 15 175 0
      vertex 20 175 0
      vertex 20 179 0
    endloop
  endfacet
  facet normal 0 0 1
    outer loop
      vertex 15 175 0
      vertex 20 179 0
      vertex 15 179 0
    endloop
  endfacet
  facet normal 0 0 1
    outer loop
      vertex 15 179 0
      vertex 20 179 0
      vertex 20 183 0
    endloop
  endfacet
  facet normal 0 0 1
    outer loop
      vertex 15 179 0
      vertex 20 183 0
      vertex 15 183 0
    endloop
  endfacet
  facet normal 0 0 1
    outer loop
      vertex 20 175 0
      vertex 25 175 0
      vertex 25 179 0
    endloop
  endfacet
  facet normal 0 0 1
    outer loop
      vertex 20 175 0
      vertex 25 179 0
      vertex 20 179 0
    endloop
  endfacet
  facet normal 0 0 1
    outer loop
      vertex 20 179 0
      vertex 25 179 0
      vertex 25 183 0
    endloop
  endfacet
  facet normal 0 0 1
    outer loop
      vertex 20 179 0
      vertex 25 183 0
      vertex 20 183 0
    endloop
  endfacet
  facet normal -0 0 1
    outer loop
      vertex 25 175 0
      vertex 30 175 0
      vertex 30 179 0
    endloop
  endfacet
  facet normal 0 0 1
    outer loop
      vertex 25 175 0
      vertex 30 179 0
      vertex 25 179 0
    endloop
  endfacet
  facet normal 0 0 1
    outer loop
      vertex 25 179 0
      vertex 30 179 0
      vertex 30 183 0
    endloop
  endfacet
  facet normal 0 0 1
    outer loop
      vertex 25 179 0
      vertex 30 183 0
      vertex 25 183 0
    endloop
  endfacet
  facet normal 0 0 1
    outer loop
      vertex 30 175 0
      vertex 35 175 0
      vertex 35 179 0
    endloop
  endfacet
  facet normal 0 0 1
    outer loop
      vertex 30 175 0
      vertex 35 179 0
      vertex 30 179 0
    endloop
  endfacet
  facet normal 0 0 1
    outer loop
      vertex 30 179 0
      vertex 35 179 0
      vertex 35 183 0
    endloop
  endfacet
  facet normal 0 0 1
    outer loop
      vertex 30 179 0
      vertex 35 183 0
      vertex 30 183 0
    endloop
  endfacet
  facet normal 0 0 1
    outer loop
      vertex 35 175 0
      vertex 40 175 0
      vertex 40 179 0
    endloop
  endfacet
  facet normal 0 0 1
    outer loop
      vertex 35 175 0
      vertex 40 179 0
      vertex 35 179 0
    endloop
  endfacet
  facet normal 0 0 1
    outer loop
      vertex 35 179 0
      vertex 40 179 0
      vertex 40 183 0
    endloop
  endfacet
  facet normal 0 0 1
    outer loop
      vertex 35 179 0
      vertex 40 183 0
      vertex 35 183 0
    endloop
  endfacet
  facet normal 0 0 1
    outer loop
      vertex 40 175 0
      vertex 45 175 0
      vertex 45 179 0
    endloop
  endfacet
  facet normal 0 0 1
    outer loop
      vertex 40 175 0
      vertex 45 179 0
      vertex 40 179 0
    endloop
  endfacet
  facet normal 0 0 1
    outer loop
      vertex 40 179 0
      vertex 45 179 0
      vertex 45 183 0
    endloop
  endfacet
  facet normal 0 0 1
    outer loop
      vertex 40 179 0
      vertex 45 183 0
      vertex 40 183 0
    endloop
  endfacet
  facet normal 0 0 1
    outer loop
      vertex 45 175 0
      vertex 50 175 0
      vertex 50 179 0
    endloop
  endfacet
  facet normal 0 0 1
    outer loop
      vertex 45 175 0
      vertex 50 179 0
      vertex 45 179 0
    endloop
  endfacet
  facet normal 0 0 1
    outer loop
      vertex 45 179 0
      vertex 50 179 0
      vertex 50 183 0
    endloop
  endfacet
  facet normal 0 0 1
    outer loop
      vertex 45 179 0
      vertex 50 183 0
      vertex 45 183 0
    endloop
  endfacet
  facet normal 0 0 1
    outer loop
      vertex 50 175 0
      vertex 55 175 0
      vertex 55 179 0
    endloop
  endfacet
  facet normal 0 0 1
    outer loop
      vertex 50 175 0
      vertex 55 179 0
      vertex 50 179 0
    endloop
  endfacet
  facet normal 0 0 1
    outer loop
      vertex 50 179 0
      vertex 55 179 0
      vertex 55 183 0
    endloop
  endfacet
  facet normal 0 0 1
    outer loop
      vertex 50 179 0
      vertex 55 183 0
      vertex 50 183 0
    endloop
  endfacet
  facet normal 0 0 1
    outer loop
      vertex 55 175 0
      vertex 60 175 0
      vertex 60 179 0
    endloop
  endfacet
  facet normal 0 0 1
    outer loop
      vertex 55 175 0
      vertex 60 179 0
      vertex 55 179 0
    endloop
  endfacet
  facet normal 0 0 1
    outer loop
      vertex 55 179 0
      vertex 60 179 0
      vertex 60 183 0
    endloop
  endfacet
  facet normal 0 0 1
    outer loop
      vertex 55 179 0
      vertex 60 183 0
      vertex 55 183 0
    endloop
  endfacet
  facet normal 0 0 1
    outer loop
      vertex 60 175 0
      vertex 65 175 0
      vertex 65 179 0
    endloop
  endfacet
  facet normal 0 0 1
    outer loop
      vertex 60 175 0
      vertex 65 179 0
      vertex 60 179 0
    endloop
  endfacet
  facet normal 0 0 1
    outer loop
      vertex 60 179 0
      vertex 65 179 0
      vertex 65 183 0
    endloop
  endfacet
  facet normal 0 0 1
    outer loop
      vertex 60 179 0
      vertex 65 183 0
      vertex 60 183 0
    endloop
  endfacet
  facet normal 0 0 1
    outer loop
      vertex 65 175 0
      vertex 70 175 0
      vertex 70 179 0
    endloop
  endfacet
  facet normal 0 0 1
    outer loop
      vertex 65 175 0
      vertex 70 179 0
      vertex 65 179 0
    endloop
  endfacet
  facet normal 0 0 1
    outer loop
      vertex 65 179 0
      vertex 70 179 0
      vertex 70 183 0
    endloop
  endfacet
  facet normal 0 0 1
    outer loop
      vertex 65 179 0
      vertex 70 183 0
      vertex 65 183 0
    endloop
  endfacet
  facet normal 0 0 1
    outer loop
      vertex 70 175 0
      vertex 75 175 0
      vertex 75 179 0
    endloop
  endfacet
  facet normal 0 0 1
    outer loop
      vertex 70 175 0
      vertex 75 179 0
      vertex 70 179 0
    endloop
  endfacet
  facet normal 0 0 1
    outer loop
      vertex 70 179 0
      vertex 75 179 0
      vertex 75 183 0
    endloop
  endfacet
  facet normal 0 0 1
    outer loop
      vertex 70 179 0
      vertex 75 183 0
      vertex 70 183 0
    endloop
  endfacet
  facet normal 0 0 1
    outer loop
      vertex 75 175 0
      vertex 80 175 0
      vertex 80 179 0
    endloop
  endfacet
  facet normal 0 0 1
    outer loop
      vertex 75 175 0
      vertex 80 179 0
      vertex 75 179 0
    endloop
  endfacet
  facet normal 0 0 1
    outer loop
      vertex 75 179 0
      vertex 80 179 0
      vertex 80 183 0
    endloop
  endfacet
  facet normal 0 0 1
    outer loop
      vertex 75 179 0
      vertex 80 183 0
      vertex 75 183 0
    endloop
  endfacet
  facet normal 0 0 1
    outer loop
      vertex 80 175 0
      vertex 85 175 0
      vertex 85 179 0
    endloop
  endfacet
  facet normal 0 0 1
    outer loop
      vertex 80 175 0
      vertex 85 179 0
      vertex 80 179 0
    endloop
  endfacet
  facet normal 0 0 1
    outer loop
      vertex 80 179 0
      vertex 85 179 0
      vertex 85 183 0
    endloop
  endfacet
  facet normal 0 0 1
    outer loop
      vertex 80 179 0
      vertex 85 183 0
      vertex 80 183 0
    endloop
  endfacet
  facet normal 0 0 1
    outer loop
      vertex 85 175 0
      vertex 90 175 0
      vertex 90 179 0
    endloop
  endfacet
  facet normal 0 0 1
    outer loop
      vertex 85 175 0
      vertex 90 179 0
      vertex 85 179 0
    endloop
  endfacet
  facet normal 0 0 1
    outer loop
      vertex 85 179 0
      vertex 90 179 0
      vertex 90 183 0
    endloop
  endfacet
  facet normal 0 0 1
    outer loop
      vertex 85 179 0
      vertex 90 183 0
      vertex 85 183 0
    endloop
  endfacet
  facet normal 0 0 1
    outer loop
      vertex 90 175 0
      vertex 95 175 0
      vertex 95 179 0
    endloop
  endfacet
  facet normal 0 0 1
    outer loop
      vertex 90 175 0
      vertex 95 179 0
      vertex 90 179 0
    endloop
  endfacet
  facet normal 0 0 1
    outer loop
      vertex 90 179 0
      vertex 95 179 0
      vertex 95 183 0
    endloop
  endfacet
  facet normal 0 0 1
    outer loop
      vertex 90 179 0
      vertex 95 183 0
      vertex 90 183 0
    endloop
  endfacet
  facet normal 0 0 1
    outer loop
      vertex 95 175 0
      vertex 100 175 0
      vertex 100 179 0
    endloop
  endfacet
  facet normal 0 0 1
    outer loop
      vertex 95 175 0
      vertex 100 179 0
      vertex 95 179 0
    endloop
  endfacet
  facet normal 0 0 1
    outer loop
      vertex 95 179 0
      vertex 100 179 0
      vertex 100 183 0
    endloop
  endfacet
  facet normal 0 0 1
    outer loop
      vertex 95 179 0
      vertex 100 183 0
      vertex 95 183 0
    endloop
  endfacet
  facet normal 0 0 1
    outer loop
      vertex 100 175 0
      vertex 105 175 0
      vertex 105 179 0
    endloop
  endfacet
  facet normal 0 0 1
    outer loop
      vertex 100 175 0
      vertex 105 179 0
      vertex 100 179 0
    endloop
  endfacet
  facet normal 0 0 1
    outer loop
      vertex 100 179 0
      vertex 105 179 0
      vertex 105 183 0
    endloop
  endfacet
  facet normal 0 0 1
    outer loop
      vertex 100 179 0
      vertex 105 183 0
      vertex 100 183 0
    endloop
  endfacet
  facet normal 0 0 1
    outer loop
      vertex 105 175 0
      vertex 110 175 0
      vertex 110 179 0
    endloop
  endfacet
  facet normal 0 0 1
    outer loop
      vertex 105 175 0
      vertex 110 179 0
      vertex 105 179 0
    endloop
  endfacet
  facet normal 0 0 1
    outer loop
      vertex 105 179 0
      vertex 110 179 0
      vertex 110 183 0
    endloop
  endfacet
  facet normal 0 0 1
    outer loop
      vertex 105 179 0
      vertex 110 183 0
      vertex 105 183 0
    endloop
  endfacet
  facet normal 0 0 1
    outer loop
      vertex 110 175 0
      vertex 115 175 0
      vertex 115 179 0
    endloop
  endfacet
  facet normal 0 0 1
    outer loop
      vertex 110 175 0
      vertex 115 179 0
      vertex 110 179 0
    endloop
  endfacet
  facet normal 0 0 1
    outer loop
      vertex 110 179 0
      vertex 115 179 0
      vertex 115 183 0
    endloop
  endfacet
  facet normal 0 0 1
    outer loop
      vertex 110 179 0
      vertex 115 183 0
      vertex 110 183 0
    endloop
  endfacet
  facet normal 0 0 1
    outer loop
      vertex 115 175 0
      vertex 120 175 0
      vertex 120 179 0
    endloop
  endfacet
  facet normal 0 0 1
    outer loop
      vertex 115 175 0
      vertex 120 179 0
      vertex 115 179 0
    endloop
  endfacet
  facet normal 0 0 1
    outer loop
      vertex 115 179 0
      vertex 120 179 0
      vertex 120 183 0
    endloop
  endfacet
  facet normal 0 0 1
    outer loop
      vertex 115 179 0
      vertex 120 183 0
      vertex 115 183 0
    endloop
  endfacet
  facet normal 0 0 1
    outer loop
      vertex 120 175 0
      vertex 125 175 0
      vertex 125 179 0
    endloop
  endfacet
  facet normal 0 0 1
    outer loop
      vertex 120 175 0
      vertex 125 179 0
      vertex 120 179 0
    endloop
  endfacet
  facet normal 0 0 1
    outer loop
      vertex 120 179 0
      vertex 125 179 0
      vertex 125 183 0
    endloop
  endfacet
  facet normal 0 0 1
    outer loop
      vertex 120 179 0
      vertex 125 183 0
      vertex 120 183 0
    endloop
  endfacet
  facet normal 0 0 1
    outer loop
      vertex 125 175 0
      vertex 130 175 0
      vertex 130 179 0
    endloop
  endfacet
  facet normal 0 0 1
    outer loop
      vertex 125 175 0
      vertex 130 179 0
      vertex 125 179 0
    endloop
  endfacet
  facet normal 0 0 1
    outer loop
      vertex 125 179 0
      vertex 130 179 0
      vertex 130 183 0
    endloop
  endfacet
  facet normal 0 0 1
    outer loop
      vertex 125 179 0
      vertex 130 183 0
      vertex 125 183 0
    endloop
  endfacet
  facet normal 0 0 1
    outer loop
      vertex 130 175 0
      vertex 135 175 0
      vertex 135 179 0
    endloop
  endfacet
  facet normal 0 0 1
    outer loop
      vertex 130 175 0
      vertex 135 179 0
      vertex 130 179 0
    endloop
  endfacet
  facet normal -0 0 1
    outer loop
      vertex 130 179 0
      vertex 135 179 0
      vertex 135 183 0
    endloop
  endfacet
  facet normal 0 0 1
    outer loop
      vertex 130 179 0
      vertex 135 183 0
      vertex 130 183 0
    endloop
  endfacet
  facet normal 0 0 1
    outer loop
      vertex 135 175 0
      vertex 140 175 0
      vertex 140 179 0
    endloop
  endfacet
  facet normal 0 0 1
    outer loop
      vertex 135 175 0
      vertex 140 179 0
      vertex 135 179 0
    endloop
  endfacet
  facet normal 0 0 1
    outer loop
      vertex 135 179 0
      vertex 140 179 0
      vertex 140 183 0
    endloop
  endfacet
  facet normal 0 0 1
    outer loop
      vertex 135 179 0
      vertex 140 183 0
      vertex 135 183 0
    endloop
  endfacet
  facet normal 0 0 1
    outer loop
      vertex 140 175 0
      vertex 145 175 0
      vertex 145 179 0
    endloop
  endfacet
  facet normal 0 0 1
    outer loop
      vertex 140 175 0
      vertex 145 179 0
      vertex 140 179 0
    endloop
  endfacet
  facet normal 0 0 1
    outer loop
      vertex 140 179 0
      vertex 145 179 0
      vertex 145 183 0
    endloop
  endfacet
  facet normal 0 0 1
    outer loop
      vertex 140 179 0
      vertex 145 183 0
      vertex 140 183 0
    endloop
  endfacet
  facet normal 0 0 1
    outer loop
      vertex 145 175 0
      vertex 150 175 0
      vertex 150 179 0
    endloop
  endfacet
  facet normal 0 0 1
    outer loop
      vertex 145 175 0
      vertex 150 179 0
      vertex 145 179 0
    endloop
  endfacet
  facet normal 0 0 1
    outer loop
      vertex 145 179 0
      vertex 150 179 0
      vertex 150 183 0
    endloop
  endfacet
  facet normal 0 0 1
    outer loop
      vertex 145 179 0
      vertex 150 183 0
      vertex 145 183 0
    endloop
  endfacet
  facet normal 0 0 1
    outer loop
      vertex 150 175 0
      vertex 155 175 0
      vertex 155 179 0
    endloop
  endfacet
  facet normal 0 0 1
    outer loop
      vertex 150 175 0
      vertex 155 179 0
      vertex 150 179 0
    endloop
  endfacet
  facet normal -0 0 1
    outer loop
      vertex 150 179 0
      vertex 155 179 0
      vertex 155 183 0
    endloop
  endfacet
  facet normal 0 0 1
    outer loop
      vertex 150 179 0
      vertex 155 183 0
      vertex 150 183 0
    endloop
  endfacet
  facet normal 0 0 1
    outer loop
      vertex 155 175 0
      vertex 160 175 0
      vertex 160 179 0
    endloop
  endfacet
  facet normal 0 0 1
    outer loop
      vertex 155 175 0
      vertex 160 179 0
      vertex 155 179 0
    endloop
  endfacet
  facet normal 0 0 1
    outer loop
      vertex 155 179 0
      vertex 160 179 0
      vertex 160 183 0
    endloop
  endfacet
  facet normal 0 0 1
    outer loop
      vertex 155 179 0
      vertex 160 183 0
      vertex 155 183 0
    endloop
  endfacet
  facet normal 0 0 1
    outer loop
      vertex 160 175 0
      vertex 165 175 0
      vertex 165 179 0
    endloop
  endfacet
  facet normal 0 0 1
    outer loop
      vertex 160 175 0
      vertex 165 179 0
      vertex 160 179 0
    endloop
  endfacet
  facet normal 0 0 1
    outer loop
      vertex 160 179 0
      vertex 165 179 0
      vertex 165 183 0
    endloop
  endfacet
  facet normal 0 0 1
    outer loop
      vertex 160 179 0
      vertex 165 183 0
      vertex 160 183 0
    endloop
  endfacet
  facet normal 0 0 1
    outer loop
      vertex 165 175 0
      vertex 170 175 0
      vertex 170 179 0
    endloop
  endfacet
  facet normal 0 0 1
    outer loop
      vertex 165 175 0
      vertex 170 179 0
      vertex 165 179 0
    endloop
  endfacet
  facet normal -0 0 1
    outer loop
      vertex 165 179 0
      vertex 170 179 0
      vertex 170 183 0
    endloop
  endfacet
  facet normal 0 0 1
    outer loop
      vertex 165 179 0
      vertex 170 183 0
      vertex 165 183 0
    endloop
  endfacet
  facet normal 0 0 1
    outer loop
      vertex 170 175 0
      vertex 175 175 0
      vertex 175 179 0
    endloop
  endfacet
  facet normal 0 0 1
    outer loop
      vertex 170 175 0
      vertex 175 179 0
      vertex 170 179 0
    endloop
  endfacet
  facet normal 0 0 1
    outer loop
      vertex 170 179 0
      vertex 175 179 0
      vertex 175 183 0
    endloop
  endfacet
  facet normal 0 0 1
    outer loop
      vertex 170 179 0
      vertex 175 183 0
      vertex 170 183 0
    endloop
  endfacet
  facet normal 0 0 1
    outer loop
      vertex 175 175 0
      vertex 180 175 0
      vertex 180 179 0
    endloop
  endfacet
  facet normal 0 0 1
    outer loop
      vertex 175 175 0
      vertex 180 179 0
      vertex 175 179 0
    endloop
  endfacet
  facet normal -0 0 1
    outer loop
      vertex 175 179 0
      vertex 180 179 0
      vertex 180 183 0
    endloop
  endfacet
  facet normal 0 0 1
    outer loop
      vertex 175 179 0
      vertex 180 183 0
      vertex 175 183 0
    endloop
  endfacet
  facet normal 0 0 1
    outer loop
      vertex 180 175 0
      vertex 185 175 0
      vertex 185 179 0
    endloop
  endfacet
  facet normal 0 0 1
    outer loop
      vertex 180 175 0
      vertex 185 179 0
      vertex 180 179 0
    endloop
  endfacet
  facet normal 0 0 1
    outer loop
      vertex 180 179 0
      vertex 185 179 0
      vertex 185 183 0
    endloop
  endfacet
  facet normal 0 0 1
    outer loop
      vertex 180 179 0
      vertex 185 183 0
      vertex 180 183 0
    endloop
  endfacet
  facet normal 0 0 1
    outer loop
      vertex 185 175 0
      vertex 190 175 0
      vertex 190 179 0
    endloop
  endfacet
  facet normal 0 0 1
    outer loop
      vertex 185 175 0
      vertex 190 179 0
      vertex 185 179 0
    endloop
  endfacet
  facet normal -0 0 1
    outer loop
      vertex 185 179 0
      vertex 190 179 0
      vertex 190 183 0
    endloop
  endfacet
  facet normal 0 0 1
    outer loop
      vertex 185 179 0
      vertex 190 183 0
      vertex 185 183 0
    endloop
  endfacet
  facet normal 0 0 1
    outer loop
      vertex 55 0 0
      vertex 59 0 0
      vertex 59 5 0
    endloop
  endfacet
  facet normal 0 0 1
    outer loop
      vertex 55 0 0
      vertex 59 5 0
      vertex 55 5 0
    endloop
  endfacet
  facet normal 0 0 1
    outer loop
      vertex 55 5 0
      vertex 59 5 0
      vertex 59 10 0
    endloop
  endfacet
  facet normal 0 0 1
    outer loop
      vertex 55 5 0
      vertex 59 10 0
      vertex 55 10 0
    endloop
  endfacet
  facet normal 0 0 1
    outer loop
      vertex 55 10 0
      vertex 59 10 0
      vertex 59 15 0
    endloop
  endfacet
  facet normal 0 0 1
    outer loop
      vertex 55 10 0
      vertex 59 15 0
      vertex 55 15 0
    endloop
  endfacet
  facet normal 0 0 1
    outer loop
      vertex 55 15 0
      vertex 59 15 0
      vertex 59 20 0
    endloop
  endfacet
  facet normal 0 0 1
    outer loop
      vertex 55 15 0
      vertex 59 20 0
      vertex 55 20 0
    endloop
  endfacet
  facet normal 0 0 1
    outer loop
      vertex 55 20 0
      vertex 59 20 0
      vertex 59 25 0
    endloop
  endfacet
  facet normal 0 0 1
    outer loop
      vertex 55 20 0
      vertex 59 25 0
      vertex 55 25 0
    endloop
  endfacet
  facet normal 0 0 1
    outer loop
      vertex 55 25 0
      vertex 59 25 0
      vertex 59 30 0
    endloop
  endfacet
  facet normal 0 0 1
    outer loop
      vertex 55 25 0
      vertex 59 30 0
      vertex 55 30 0
    endloop
  endfacet
  facet normal 0 0 1
    outer loop
      vertex 55 30 0
      vertex 59 30 0
      vertex 59 35 0
    endloop
  endfacet
  facet normal 0 0 1
    outer loop
      vertex 55 30 0
      vertex 59 35 0
      vertex 55 35 0
    endloop
  endfacet
  facet normal 0 0 1
    outer loop
      vertex 55 35 0
      vertex 59 35 0
      vertex 59 40 0
    endloop
  endfacet
  facet normal 0 0 1
    outer loop
      vertex 55 35 0
      vertex 59 40 0
      vertex 55 40 0
    endloop
  endfacet
  facet normal 0 0 1
    outer loop
      vertex 55 40 0
      vertex 59 40 0
      vertex 59 45 0
    endloop
  endfacet
  facet normal 0 0 1
    outer loop
      vertex 55 40 0
      vertex 59 45 0
      vertex 55 45 0
    endloop
  endfacet
  facet normal 0 0 1
    outer loop
      vertex 55 45 0
      vertex 59 45 0
      vertex 59 50 0
    endloop
  endfacet
  facet normal 0 0 1
    outer loop
      vertex 55 45 0
      vertex 59 50 0
      vertex 55 50 0
    endloop
  endfacet
  facet normal 0 0 1
    outer loop
      vertex 55 50 0
      vertex 59 50 0
      vertex 59 55 0
    endloop
  endfacet
  facet normal 0 0 1
    outer loop
      vertex 55 50 0
      vertex 59 55 0
      vertex 55 55 0
    endloop
  endfacet
  facet normal 0 0 1
    outer loop
      vertex 55 55 0
      vertex 59 55 0
      vertex 59 60 0
    endloop
  endfacet
  facet normal 0 0 1
    outer loop
      vertex 55 55 0
      vertex 59 60 0
      vertex 55 60 0
    endloop
  endfacet
  facet normal 0 0 1
    outer loop
      vertex 55 60 0
      vertex 59 60 0
      vertex 59 65 0
    endloop
  endfacet
  facet normal 0 0 1
    outer loop
      vertex 55 60 0
      vertex 59 65 0
      vertex 55 65 0
    endloop
  endfacet
  facet normal 0 0 1
    outer loop
      vertex 55 65 0
      vertex 59 65 0
      vertex 59 70 0
    endloop
  endfacet
  facet normal 0 0 1
    outer loop
      vertex 55 65 0
      vertex 59 70 0
      vertex 55 70 0
    endloop
  endfacet
  facet normal 0 0 1
    outer loop
      vertex 55 70 0
      vertex 59 70 0
      vertex 59 75 0
    endloop
  endfacet
  facet normal 0 0 1
    outer loop
      vertex 55 70 0
      vertex 59 75 0
      vertex 55 75 0
    endloop
  endfacet
  facet normal 0 0 1
    outer loop
      vertex 55 75 0
      vertex 59 75 0
      vertex 59 80 0
    endloop
  endfacet
  facet normal 0 0 1
    outer loop
      vertex 55 75 0
      vertex 59 80 0
      vertex 55 80 0
    endloop
  endfacet
  facet normal 0 0 1
    outer loop
      vertex 55 80 0
      vertex 59 80 0
      vertex 59 85 0
    endloop
  endfacet
  facet normal 0 0 1
    outer loop
      vertex 55 80 0
      vertex 59 85 0
      vertex 55 85 0
    endloop
  endfacet
  facet normal 0 0 1
    outer loop
      vertex 55 85 0
      vertex 59 85 0
      vertex 59 90 0
    endloop
  endfacet
  facet normal 0 0 1
    outer loop
      vertex 55 85 0
      vertex 59 90 0
      vertex 55 90 0
    endloop
  endfacet
  facet normal 0 0 1
    outer loop
      vertex 55 90 0
      vertex 59 90 0
      vertex 59 95 0
    endloop
  endfacet
  facet normal 0 0 1
    outer loop
      vertex 55 90 0
      vertex 59 95 0
      vertex 55 95 0
    endloop
  endfacet
  facet normal 0 0 1
    outer loop
      vertex 55 95 0
      vertex 59 95 0
      vertex 59 100 0
    endloop
  endfacet
  facet normal 0 0 1
    outer loop
      vertex 55 95 0
      vertex 59 100 0
      vertex 55 100 0
    endloop
  endfacet
  facet normal 0 0 1
    outer loop
      vertex 55 100 0
      vertex 59 100 0
      vertex 59 105 0
    endloop
  endfacet
  facet normal 0 0 1
    outer loop
      vertex 55 100 0
      vertex 59 105 0
      vertex 55 105 0
    endloop
  endfacet
  facet normal 0 0 1
    outer loop
      vertex 55 105 0
      vertex 59 105 0
      vertex 59 110 0
    endloop
  endfacet
  facet normal 0 0 1
    outer loop
      vertex 55 105 0
      vertex 59 110 0
      vertex 55 110 0
    endloop
  endfacet
  facet normal 0 0 1
    outer loop
      vertex 55 110 0
      vertex 59 110 0
      vertex 59 115 0
    endloop
  endfacet
  facet normal 0 0 1
    outer loop
      vertex 55 110 0
      vertex 59 115 0
      vertex 55 115 0
    endloop
  endfacet
  facet normal 0 0 1
    outer loop
      vertex 55 115 0
      vertex 59 115 0
      vertex 59 120 0
    endloop
  endfacet
  facet normal 0 0 1
    outer loop
      vertex 55 115 0
      vertex 59 120 0
      vertex 55 120 0
    endloop
  endfacet
  facet normal 0 0 1
    outer loop
      vertex 55 120 0
      vertex 59 120 0
      vertex 59 125 0
    endloop
  endfacet
  facet normal 0 0 1
    outer loop
      vertex 55 120 0
      vertex 59 125 0
      vertex 55 125 0
    endloop
  endfacet
  facet normal 0 0 1
    outer loop
      vertex 55 125 0
      vertex 59 125 0
      vertex 59 130 0
    endloop
  endfacet
  facet normal 0 0 1
    outer loop
      vertex 55 125 0
      vertex 59 130 0
      vertex 55 130 0
    endloop
  endfacet
  facet normal 0 0 1
    outer loop
      vertex 55 130 0
      vertex 59 130 0
      vertex 59 135 0
    endloop
  endfacet
  facet normal 0 0 1
    outer loop
      vertex 55 130 0
      vertex 59 135 0
      vertex 55 135 0
    endloop
  endfacet
  facet normal 0 0 1
    outer loop
      vertex 55 135 0
      vertex 59 135 0
      vertex 59 140 0
    endloop
  endfacet
  facet normal 0 0 1
    outer loop
      vertex 55 135 0
      vertex 59 140 0
      vertex 55 140 0
    endloop
  endfacet
  facet normal 0 0 1
    outer loop
      vertex 55 140 0
      vertex 59 140 0
      vertex 59 145 0
    endloop
  endfacet
  facet normal 0 0 1
    outer loop
      vertex 55 140 0
      vertex 59 145 0
      vertex 55 145 0
    endloop
  endfacet
  facet normal 0 0 1
    outer loop
      vertex 55 145 0
      vertex 59 145 0
      vertex 59 150 0
    endloop
  endfacet
  facet normal 0 0 1
    outer loop
      vertex 55 145 0
      vertex 59 150 0
      vertex 55 150 0
    endloop
  endfacet
  facet normal 0 0 1
    outer loop
      vertex 55 150 0
      vertex 59 150 0
      vertex 59 155 0
    endloop
  endfacet
  facet normal 0 0 1
    outer loop
      vertex 55 150 0
      vertex 59 155 0
      vertex 55 155 0
    endloop
  endfacet
  facet normal 0 0 1
    outer loop
      vertex 55 155 0
      vertex 59 155 0
      vertex 59 160 0
    endloop
  endfacet
  facet normal 0 0 1
    outer loop
      vertex 55 155 0
      vertex 59 160 0
      vertex 55 160 0
    endloop
  endfacet
  facet normal 0 0 1
    outer loop
      vertex 55 160 0
      vertex 59 160 0
      vertex 59 165 0
    endloop
  endfacet
  facet normal 0 0 1
    outer loop
      vertex 55 160 0
      vertex 59 165 0
      vertex 55 165 0
    endloop
  endfacet
  facet normal 0 0 1
    outer loop
      vertex 55 165 0
      vertex 59 165 0
      vertex 59 170 0
    endloop
  endfacet
  facet normal 0 0 1
    outer loop
      vertex 55 165 0
      vertex 59 170 0
      vertex 55 170 0
    endloop
  endfacet
  facet normal 0 0 1
    outer loop
      vertex 55 170 0
      vertex 59 170 0
      vertex 59 175 0
    endloop
  endfacet
  facet normal 0 0 1
    outer loop
      vertex 55 170 0
      vertex 59 175 0
      vertex 55 175 0
    endloop
  endfacet
  facet normal 0 0 1
    outer loop
      vertex 55 175 0
      vertex 59 175 0
      vertex 59 180 0
    endloop
  endfacet
  facet normal 0 0 1
    outer loop
      vertex 55 175 0
      vertex 59 180 0
      vertex 55 180 0
    endloop
  endfacet
  facet normal 0 0 1
    outer loop
      vertex 55 180 0
      vertex 59 180 0
      vertex 59 185 0
    endloop
  endfacet
  facet normal 0 0 1
    outer loop
      vertex 55 180 0
      vertex 59 185 0
      vertex 55 185 0
    endloop
  endfacet
  facet normal 0 0 1
    outer loop
      vertex 55 185 0
      vertex 59 185 0
      vertex 59 190 0
    endloop
  endfacet
  facet normal 0 0 1
    outer loop
      vertex 55 185 0
      vertex 59 190 0
      vertex 55 190 0
    endloop
  endfacet
  facet normal 0 0 1
    outer loop
      vertex 55 190 0
      vertex 59 190 0
      vertex 59 195 0
    endloop
  endfacet
  facet normal 0 0 1
    outer loop
      vertex 55 190 0
      vertex 59 195 0
      vertex 55 195 0
    endloop
  endfacet
  facet normal 0 0 1
    outer loop
      vertex 55 195 0
      vertex 59 195 0
      vertex 59 200 0
    endloop
  endfacet
  facet normal 0 0 1
    outer loop
      vertex 55 195 0
      vertex 59 200 0
      vertex 55 200 0
    endloop
  endfacet
  facet normal 0 0 1
    outer loop
      vertex 55 200 0
      vertex 59 200 0
      vertex 59 205 0
    endloop
  endfacet
  facet normal 0 0 1
    outer loop
      vertex 55 200 0
      vertex 59 205 0
      vertex 55 205 0
    endloop
  endfacet
  facet normal 0 0 1
    outer loop
      vertex 55 205 0
      vertex 59 205 0
      vertex 59 210 0
    endloop
  endfacet
  facet normal 0 0 1
    outer loop
      vertex 55 205 0
      vertex 59 210 0
      vertex 55 210 0
    endloop
  endfacet
  facet normal 0 0 1
    outer loop
      vertex 55 210 0
      vertex 59 210 0
      vertex 59 215 0
    endloop
  endfacet
  facet normal 0 0 1
    outer loop
      vertex 55 210 0
      vertex 59 215 0
      vertex 55 215 0
    endloop
  endfacet
  facet normal 0 0 1
    outer loop
      vertex 55 215 0
      vertex 59 215 0
      vertex 59 220 0
    endloop
  endfacet
  facet normal 0 0 1
    outer loop
      vertex 55 215 0
      vertex 59 220 0
      vertex 55 220 0
    endloop
  endfacet
  facet normal 0 0 1
    outer loop
      vertex 55 220 0
      vertex 59 220 0
      vertex 59 225 0
    endloop
  endfacet
  facet normal 0 0 1
    outer loop
      vertex 55 220 0
      vertex 59 225 0
      vertex 55 225 0
    endloop
  endfacet
  facet normal 0 0 1
    outer loop
      vertex 55 225 0
      vertex 59 225 0
      vertex 59 230 0
    endloop
  endfacet
  facet normal 0 0 1
    outer loop
      vertex 55 225 0
      vertex 59 230 0
      vertex 55 230 0
    endloop
  endfacet
  facet normal 0 0 1
    outer loop
      vertex 55 230 0
      vertex 59 230 0
      vertex 59 235 0
    endloop
  endfacet
  facet normal 0 0 1
    outer loop
      vertex 55 230 0
      vertex 59 235 0
      vertex 55 235 0
    endloop
  endfacet
  facet normal 0 0 1
    outer loop
      vertex 55 235 0
      vertex 59 235 0
      vertex 59 240 0
    endloop
  endfacet
  facet normal 0 0 1
    outer loop
      vertex 55 235 0
      vertex 59 240 0
      vertex 55 240 0
    endloop
  endfacet
  facet normal 0 0 1
    outer loop
      vertex 59 0 0
      vertex 63 0 0
      vertex 63 5 0
    endloop
  endfacet
  facet normal 0 -0 1
    outer loop
      vertex 59 0 0
      vertex 63 5 0
      vertex 59 5 0
    endloop
  endfacet
  facet normal 0 0 1
    outer loop
      vertex 59 5 0
      vertex 63 5 0
      vertex 63 10 0
    endloop
  endfacet
  facet normal 0 0 1
    outer loop
      vertex 59 5 0
      vertex 63 10 0
      vertex 59 10 0
    endloop
  endfacet
  facet normal 0 0 1
    outer loop
      vertex 59 10 0
      vertex 63 10 0
      vertex 63 15 0
    endloop
  endfacet
  facet normal 0 -0 1
    outer loop
      vertex 59 10 0
      vertex 63 15 0
      vertex 59 15 0
    endloop
  endfacet
  facet normal 0 0 1
    outer loop
      vertex 59 15 0
      vertex 63 15 0
      vertex 63 20 0
    endloop
  endfacet
  facet normal 0 -0 1
    outer loop
      vertex 59 15 0
      vertex 63 20 0
      vertex 59 20 0
    endloop
  endfacet
  facet normal 0 0 1
    outer loop
      vertex 59 20 0
      vertex 63 20 0
      vertex 63 25 0
    endloop
  endfacet
  facet normal 0 0 1
    outer loop
      vertex 59 20 0
      vertex 63 25 0
      vertex 59 25 0
    endloop
  endfacet
  facet normal 0 0 1
    outer loop
      vertex 59 25 0
      vertex 63 25 0
      vertex 63 30 0
    endloop
  endfacet
  facet normal 0 -0 1
    outer loop
      vertex 59 25 0
      vertex 63 30 0
      vertex 59 30 0
    endloop
  endfacet
  facet normal 0 0 1
    outer loop
      vertex 59 30 0
      vertex 63 30 0
      vertex 63 35 0
    endloop
  endfacet
  facet normal 0 -0 1
    outer loop
      vertex 59 30 0
      vertex 63 35 0
      vertex 59 35 0
    endloop
  endfacet
  facet normal 0 0 1
    outer loop
      vertex 59 35 0
      vertex 63 35 0
      vertex 63 40 0
    endloop
  endfacet
  facet normal 0 0 1
    outer loop
      vertex 59 35 0
      vertex 63 40 0
      vertex 59 40 0
    endloop
  endfacet
  facet normal 0 0 1
    outer loop
      vertex 59 40 0
      vertex 63 40 0
      vertex 63 45 0
    endloop
  endfacet
  facet normal 0 -0 1
    outer loop
      vertex 59 40 0
      vertex 63 45 0
      vertex 59 45 0
    endloop
  endfacet
  facet normal 0 0 1
    outer loop
      vertex 59 45 0
      vertex 63 45 0
      vertex 63 50 0
    endloop
  endfacet
  facet normal 0 -0 1
    outer loop
      vertex 59 45 0
      vertex 63 50 0
      vertex 59 50 0
    endloop
  endfacet
  facet normal 0 0 1
    outer loop
      vertex 59 50 0
      vertex 63 50 0
      vertex 63 55 0
    endloop
  endfacet
  facet normal 0 0 1
    outer loop
      vertex 59 50 0
      vertex 63 55 0
      vertex 59 55 0
    endloop
  endfacet
  facet normal 0 0 1
    outer loop
      vertex 59 55 0
      vertex 63 55 0
      vertex 63 60 0
    endloop
  endfacet
  facet normal 0 -0 1
    outer loop
      vertex 59 55 0
      vertex 63 60 0
      vertex 59 60 0
    endloop
  endfacet
  facet normal 0 0 1
    outer loop
      vertex 59 60 0
      vertex 63 60 0
      vertex 63 65 0
    endloop
  endfacet
  facet normal 0 0 1
    outer loop
      vertex 59 60 0
      vertex 63 65 0
      vertex 59 65 0
    endloop
  endfacet
  facet normal 0 0 1
    outer loop
      vertex 59 65 0
      vertex 63 65 0
      vertex 63 70 0
    endloop
  endfacet
  facet normal 0 -0 1
    outer loop
      vertex 59 65 0
      vertex 63 70 0
      vertex 59 70 0
    endloop
  endfacet
  facet normal 0 0 1
    outer loop
      vertex 59 70 0
      vertex 63 70 0
      vertex 63 75 0
    endloop
  endfacet
  facet normal 0 0 1
    outer loop
      vertex 59 70 0
      vertex 63 75 0
      vertex 59 75 0
    endloop
  endfacet
  facet normal 0 0 1
    outer loop
      vertex 59 75 0
      vertex 63 75 0
      vertex 63 80 0
    endloop
  endfacet
  facet normal 0 0 1
    outer loop
      vertex 59 75 0
      vertex 63 80 0
      vertex 59 80 0
    endloop
  endfacet
  facet normal 0 0 1
    outer loop
      vertex 59 80 0
      vertex 63 80 0
      vertex 63 85 0
    endloop
  endfacet
  facet normal 0 -0 1
    outer loop
      vertex 59 80 0
      vertex 63 85 0
      vertex 59 85 0
    endloop
  endfacet
  facet normal 0 0 1
    outer loop
      vertex 59 85 0
      vertex 63 85 0
      vertex 63 90 0
    endloop
  endfacet
  facet normal 0 0 1
    outer loop
      vertex 59 85 0
      vertex 63 90 0
      vertex 59 90 0
    endloop
  endfacet
  facet normal 0 0 1
    outer loop
      vertex 59 90 0
      vertex 63 90 0
      vertex 63 95 0
    endloop
  endfacet
  facet normal 0 0 1
    outer loop
      vertex 59 90 0
      vertex 63 95 0
      vertex 59 95 0
    endloop
  endfacet
  facet normal 0 0 1
    outer loop
      vertex 59 95 0
      vertex 63 95 0
      vertex 63 100 0
    endloop
  endfacet
  facet normal 0 -0 1
    outer loop
      vertex 59 95 0
      vertex 63 100 0
      vertex 59 100 0
    endloop
  endfacet
  facet normal 0 0 1
    outer loop
      vertex 59 100 0
      vertex 63 100 0
      vertex 63 105 0
    endloop
  endfacet
  facet normal 0 0 1
    outer loop
      vertex 59 100 0
      vertex 63 105 0
      vertex 59 105 0
    endloop
  endfacet
  facet normal 0 0 1
    outer loop
      vertex 59 105 0
      vertex 63 105 0
      vertex 63 110 0
    endloop
  endfacet
  facet normal 0 0 1
    outer loop
      vertex 59 105 0
      vertex 63 110 0
      vertex 59 110 0
    endloop
  endfacet
  facet normal 0 0 1
    outer loop
      vertex 59 110 0
      vertex 63 110 0
      vertex 63 115 0
    endloop
  endfacet
  facet normal 0 -0 1
    outer loop
      vertex 59 110 0
      vertex 63 115 0
      vertex 59 115 0
    endloop
  endfacet
  facet normal 0 0 1
    outer loop
      vertex 59 115 0
      vertex 63 115 0
      vertex 63 120 0
    endloop
  endfacet
  facet normal 0 0 1
    outer loop
      vertex 59 115 0
      vertex 63 120 0
      vertex 59 120 0
    endloop
  endfacet
  facet normal 0 0 1
    outer loop
      vertex 59 120 0
      vertex 63 120 0
      vertex 63 125 0
    endloop
  endfacet
  facet normal 0 0 1
    outer loop
      vertex 59 120 0
      vertex 63 125 0
      vertex 59 125 0
    endloop
  endfacet
  facet normal 0 0 1
    outer loop
      vertex 59 125 0
      vertex 63 125 0
      vertex 63 130 0
    endloop
  endfacet
  facet normal 0 0 1
    outer loop
      vertex 59 125 0
      vertex 63 130 0
      vertex 59 130 0
    endloop
  endfacet
  facet normal 0 0 1
    outer loop
      vertex 59 130 0
      vertex 63 130 0
      vertex 63 135 0
    endloop
  endfacet
  facet normal 0 0 1
    outer loop
      vertex 59 130 0
      vertex 63 135 0
      vertex 59 135 0
    endloop
  endfacet
  facet normal 0 0 1
    outer loop
      vertex 59 135 0
      vertex 63 135 0
      vertex 63 140 0
    endloop
  endfacet
  facet normal 0 0 1
    outer loop
      vertex 59 135 0
      vertex 63 140 0
      vertex 59 140 0
    endloop
  endfacet
  facet normal 0 0 1
    outer loop
      vertex 59 140 0
      vertex 63 140 0
      vertex 63 145 0
    endloop
  endfacet
  facet normal 0 0 1
    outer loop
      vertex 59 140 0
      vertex 63 145 0
      vertex 59 145 0
    endloop
  endfacet
  facet normal 0 0 1
    outer loop
      vertex 59 145 0
      vertex 63 145 0
      vertex 63 150 0
    endloop
  endfacet
  facet normal 0 0 1
    outer loop
      vertex 59 145 0
      vertex 63 150 0
      vertex 59 150 0
    endloop
  endfacet
  facet normal 0 0 1
    outer loop
      vertex 59 150 0
      vertex 63 150 0
      vertex 63 155 0
    endloop
  endfacet
  facet normal 0 0 1
    outer loop
      vertex 59 150 0
      vertex 63 155 0
      vertex 59 155 0
    endloop
  endfacet
  facet normal 0 0 1
    outer loop
      vertex 59 155 0
      vertex 63 155 0
      vertex 63 160 0
    endloop
  endfacet
  facet normal 0 0 1
    outer loop
      vertex 59 155 0
      vertex 63 160 0
      vertex 59 160 0
    endloop
  endfacet
  facet normal 0 0 1
    outer loop
      vertex 59 160 0
      vertex 63 160 0
      vertex 63 165 0
    endloop
  endfacet
  facet normal 0 0 1
    outer loop
      vertex 59 160 0
      vertex 63 165 0
      vertex 59 165 0
    endloop
  endfacet
  facet normal 0 0 1
    outer loop
      vertex 59 165 0
      vertex 63 165 0
      vertex 63 170 0
    endloop
  endfacet
  facet normal 0 0 1
    outer loop
      vertex 59 165 0
      vertex 63 170 0
      vertex 59 170 0
    endloop
  endfacet
  facet normal 0 0 1
    outer loop
      vertex 59 170 0
      vertex 63 170 0
      vertex 63 175 0
    endloop
  endfacet
  facet normal 0 0 1
    outer loop
      vertex 59 170 0
      vertex 63 175 0
      vertex 59 175 0
    endloop
  endfacet
  facet normal 0 0 1
    outer loop
      vertex 59 175 0
      vertex 63 175 0
      vertex 63 180 0
    endloop
  endfacet
  facet normal 0 0 1
    outer loop
      vertex 59 175 0
      vertex 63 180 0
      vertex 59 180 0
    endloop
  endfacet
  facet normal 0 0 1
    outer loop
      vertex 59 180 0
      vertex 63 180 0
      vertex 63 185 0
    endloop
  endfacet
  facet normal 0 0 1
    outer loop
      vertex 59 180 0
      vertex 63 185 0
      vertex 59 185 0
    endloop
  endfacet
  facet normal 0 0 1
    outer loop
      vertex 59 185 0
      vertex 63 185 0
      vertex 63 190 0
    endloop
  endfacet
  facet normal 0 0 1
    outer loop
      vertex 59 185 0
      vertex 63 190 0
      vertex 59 190 0
    endloop
  endfacet
  facet normal 0 0 1
    outer loop
      vertex 59 190 0
      vertex 63 190 0
      vertex 63 195 0
    endloop
  endfacet
  facet normal 0 0 1
    outer loop
      vertex 59 190 0
      vertex 63 195 0
      vertex 59 195 0
    endloop
  endfacet
  facet normal 0 0 1
    outer loop
      vertex 59 195 0
      vertex 63 195 0
      vertex 63 200 0
    endloop
  endfacet
  facet normal 0 0 1
    outer loop
      vertex 59 195 0
      vertex 63 200 0
      vertex 59 200 0
    endloop
  endfacet
  facet normal 0 0 1
    outer loop
      vertex 59 200 0
      vertex 63 200 0
      vertex 63 205 0
    endloop
  endfacet
  facet normal 0 0 1
    outer loop
      vertex 59 200 0
      vertex 63 205 0
      vertex 59 205 0
    endloop
  endfacet
  facet normal 0 0 1
    outer loop
      vertex 59 205 0
      vertex 63 205 0
      vertex 63 210 0
    endloop
  endfacet
  facet normal 0 0 1
    outer loop
      vertex 59 205 0
      vertex 63 210 0
      vertex 59 210 0
    endloop
  endfacet
  facet normal 0 0 1
    outer loop
      vertex 59 210 0
      vertex 63 210 0
      vertex 63 215 0
    endloop
  endfacet
  facet normal 0 0 1
    outer loop
      vertex 59 210 0
      vertex 63 215 0
      vertex 59 215 0
    endloop
  endfacet
  facet normal 0 0 1
    outer loop
      vertex 59 215 0
      vertex 63 215 0
      vertex 63 220 0
    endloop
  endfacet
  facet normal 0 0 1
    outer loop
      vertex 59 215 0
      vertex 63 220 0
      vertex 59 220 0
    endloop
  endfacet
  facet normal 0 0 1
    outer loop
      vertex 59 220 0
      vertex 63 220 0
      vertex 63 225 0
    endloop
  endfacet
  facet normal 0 0 1
    outer loop
      vertex 59 220 0
      vertex 63 225 0
      vertex 59 225 0
    endloop
  endfacet
  facet normal 0 0 1
    outer loop
      vertex 59 225 0
      vertex 63 225 0
      vertex 63 230 0
    endloop
  endfacet
  facet normal 0 0 1
    outer loop
      vertex 59 225 0
      vertex 63 230 0
      vertex 59 230 0
    endloop
  endfacet
  facet normal 0 0 1
    outer loop
      vertex 59 230 0
      vertex 63 230 0
      vertex 63 235 0
    endloop
  endfacet
  facet normal 0 0 1
    outer loop
      vertex 59 230 0
      vertex 63 235 0
      vertex 59 235 0
    endloop
  endfacet
  facet normal 0 0 1
    outer loop
      vertex 59 235 0
      vertex 63 235 0
      vertex 63 240 0
    endloop
  endfacet
  facet normal 0 0 1
    outer loop
      vertex 59 235 0
      vertex 63 240 0
      vertex 59 240 0
    endloop
  endfacet
  facet normal 0 0 1
    outer loop
      vertex 115 0 0
      vertex 119 0 0
      vertex 119 5 0
    endloop
  endfacet
  facet normal 0 -0 1
    outer loop
      vertex 115 0 0
      vertex 119 5 0
      vertex 115 5 0
    endloop
  endfacet
  facet normal 0 0 1
    outer loop
      vertex 115 5 0
      vertex 119 5 0
      vertex 119 10 0
    endloop
  endfacet
  facet normal 0 0 1
    outer loop
      vertex 115 5 0
      vertex 119 10 0
      vertex 115 10 0
    endloop
  endfacet
  facet normal 0 0 1
    outer loop
      vertex 115 10 0
      vertex 119 10 0
      vertex 119 15 0
    endloop
  endfacet
  facet normal 0 -0 1
    outer loop
      vertex 115 10 0
      vertex 119 15 0
      vertex 115 15 0
    endloop
  endfacet
  facet normal 0 0 1
    outer loop
      vertex 115 15 0
      vertex 119 15 0
      vertex 119 20 0
    endloop
  endfacet
  facet normal 0 -0 1
    outer loop
      vertex 115 15 0
      vertex 119 20 0
      vertex 115 20 0
    endloop
  endfacet
  facet normal 0 0 1
    outer loop
      vertex 115 20 0
      vertex 119 20 0
      vertex 119 25 0
    endloop
  endfacet
  facet normal 0 0 1
    outer loop
      vertex 115 20 0
      vertex 119 25 0
      vertex 115 25 0
    endloop
  endfacet
  facet normal 0 0 1
    outer loop
      vertex 115 25 0
      vertex 119 25 0
      vertex 119 30 0
    endloop
  endfacet
  facet normal 0 -0 1
    outer loop
      vertex 115 25 0
      vertex 119 30 0
      vertex 115 30 0
    endloop
  endfacet
  facet normal 0 0 1
    outer loop
      vertex 115 30 0
      vertex 119 30 0
      vertex 119 35 0
    endloop
  endfacet
  facet normal 0 0 1
    outer loop
      vertex 115 30 0
      vertex 119 35 0
      vertex 115 35 0
    endloop
  endfacet
  facet normal 0 0 1
    outer loop
      vertex 115 35 0
      vertex 119 35 0
      vertex 119 40 0
    endloop
  endfacet
  facet normal 0 0 1
    outer loop
      vertex 115 35 0
      vertex 119 40 0
      vertex 115 40 0
    endloop
  endfacet
  facet normal 0 0 1
    outer loop
      vertex 115 40 0
      vertex 119 40 0
      vertex 119 45 0
    endloop
  endfacet
  facet normal 0 0 1
    outer loop
      vertex 115 40 0
      vertex 119 45 0
      vertex 115 45 0
    endloop
  endfacet
  facet normal 0 0 1
    outer loop
      vertex 115 45 0
      vertex 119 45 0
      vertex 119 50 0
    endloop
  endfacet
  facet normal 0 0 1
    outer loop
      vertex 115 45 0
      vertex 119 50 0
      vertex 115 50 0
    endloop
  endfacet
  facet normal 0 0 1
    outer loop
      vertex 115 50 0
      vertex 119 50 0
      vertex 119 55 0
    endloop
  endfacet
  facet normal 0 0 1
    outer loop
      vertex 115 50 0
      vertex 119 55 0
      vertex 115 55 0
    endloop
  endfacet
  facet normal 0 0 1
    outer loop
      vertex 115 55 0
      vertex 119 55 0
      vertex 119 60 0
    endloop
  endfacet
  facet normal 0 0 1
    outer loop
      vertex 115 55 0
      vertex 119 60 0
      vertex 115 60 0
    endloop
  endfacet
  facet normal 0 0 1
    outer loop
      vertex 115 60 0
      vertex 119 60 0
      vertex 119 65 0
    endloop
  endfacet
  facet normal 0 0 1
    outer loop
      vertex 115 60 0
      vertex 119 65 0
      vertex 115 65 0
    endloop
  endfacet
  facet normal 0 0 1
    outer loop
      vertex 115 65 0
      vertex 119 65 0
      vertex 119 70 0
    endloop
  endfacet
  facet normal 0 0 1
    outer loop
      vertex 115 65 0
      vertex 119 70 0
      vertex 115 70 0
    endloop
  endfacet
  facet normal 0 0 1
    outer loop
      vertex 115 70 0
      vertex 119 70 0
      vertex 119 75 0
    endloop
  endfacet
  facet normal 0 0 1
    outer loop
      vertex 115 70 0
      vertex 119 75 0
      vertex 115 75 0
    endloop
  endfacet
  facet normal 0 0 1
    outer loop
      vertex 115 75 0
      vertex 119 75 0
      vertex 119 80 0
    endloop
  endfacet
  facet normal 0 0 1
    outer loop
      vertex 115 75 0
      vertex 119 80 0
      vertex 115 80 0
    endloop
  endfacet
  facet normal 0 0 1
    outer loop
      vertex 115 80 0
      vertex 119 80 0
      vertex 119 85 0
    endloop
  endfacet
  facet normal 0 0 1
    outer loop
      vertex 115 80 0
      vertex 119 85 0
      vertex 115 85 0
    endloop
  endfacet
  facet normal 0 0 1
    outer loop
      vertex 115 85 0
      vertex 119 85 0
      vertex 119 90 0
    endloop
  endfacet
  facet normal 0 0 1
    outer loop
      vertex 115 85 0
      vertex 119 90 0
      vertex 115 90 0
    endloop
  endfacet
  facet normal 0 0 1
    outer loop
      vertex 115 90 0
      vertex 119 90 0
      vertex 119 95 0
    endloop
  endfacet
  facet normal 0 0 1
    outer loop
      vertex 115 90 0
      vertex 119 95 0
      vertex 115 95 0
    endloop
  endfacet
  facet normal 0 0 1
    outer loop
      vertex 115 95 0
      vertex 119 95 0
      vertex 119 100 0
    endloop
  endfacet
  facet normal 0 0 1
    outer loop
      vertex 115 95 0
      vertex 119 100 0
      vertex 115 100 0
    endloop
  endfacet
  facet normal 0 0 1
    outer loop
      vertex 115 100 0
      vertex 119 100 0
      vertex 119 105 0
    endloop
  endfacet
  facet normal 0 0 1
    outer loop
      vertex 115 100 0
      vertex 119 105 0
      vertex 115 105 0
    endloop
  endfacet
  facet normal 0 0 1
    outer loop
      vertex 115 105 0
      vertex 119 105 0
      vertex 119 110 0
    endloop
  endfacet
  facet normal 0 0 1
    outer loop
      vertex 115 105 0
      vertex 119 110 0
      vertex 115 110 0
    endloop
  endfacet
  facet normal 0 0 1
    outer loop
      vertex 115 110 0
      vertex 119 110 0
      vertex 119 115 0
    endloop
  endfacet
  facet normal 0 0 1
    outer loop
      vertex 115 110 0
      vertex 119 115 0
      vertex 115 115 0
    endloop
  endfacet
  facet normal 0 0 1
    outer loop
      vertex 115 115 0
      vertex 119 115 0
      vertex 119 120 0
    endloop
  endfacet
  facet normal 0 0 1
    outer loop
      vertex 115 115 0
      vertex 119 120 0
      vertex 115 120 0
    endloop
  endfacet
  facet normal 0 0 1
    outer loop
      vertex 115 120 0
      vertex 119 120 0
      vertex 119 125 0
    endloop
  endfacet
  facet normal 0 0 1
    outer loop
      vertex 115 120 0
      vertex 119 125 0
      vertex 115 125 0
    endloop
  endfacet
  facet normal 0 0 1
    outer loop
      vertex 115 125 0
      vertex 119 125 0
      vertex 119 130 0
    endloop
  endfacet
  facet normal 0 0 1
    outer loop
      vertex 115 125 0
      vertex 119 130 0
      vertex 115 130 0
    endloop
  endfacet
  facet normal 0 0 1
    outer loop
      vertex 115 130 0
      vertex 119 130 0
      vertex 119 135 0
    endloop
  endfacet
  facet normal 0 0 1
    outer loop
      vertex 115 130 0
      vertex 119 135 0
      vertex 115 135 0
    endloop
  endfacet
  facet normal 0 0 1
    outer loop
      vertex 115 135 0
      vertex 119 135 0
      vertex 119 140 0
    endloop
  endfacet
  facet normal 0 0 1
    outer loop
      vertex 115 135 0
      vertex 119 140 0
      vertex 115 140 0
    endloop
  endfacet
  facet normal 0 0 1
    outer loop
      vertex 115 140 0
      vertex 119 140 0
      vertex 119 145 0
    endloop
  endfacet
  facet normal 0 0 1
    outer loop
      vertex 115 140 0
      vertex 119 145 0
      vertex 115 145 0
    endloop
  endfacet
  facet normal 0 0 1
    outer loop
      vertex 115 145 0
      vertex 119 145 0
      vertex 119 150 0
    endloop
  endfacet
  facet normal 0 0 1
    outer loop
      vertex 115 145 0
      vertex 119 150 0
      vertex 115 150 0
    endloop
  endfacet
  facet normal 0 0 1
    outer loop
      vertex 115 150 0
      vertex 119 150 0
      vertex 119 155 0
    endloop
  endfacet
  facet normal 0 0 1
    outer loop
      vertex 115 150 0
      vertex 119 155 0
      vertex 115 155 0
    endloop
  endfacet
  facet normal 0 0 1
    outer loop
      vertex 115 155 0
      vertex 119 155 0
      vertex 119 160 0
    endloop
  endfacet
  facet normal 0 0 1
    outer loop
      vertex 115 155 0
      vertex 119 160 0
      vertex 115 160 0
    endloop
  endfacet
  facet normal 0 0 1
    outer loop
      vertex 115 160 0
      vertex 119 160 0
      vertex 119 165 0
    endloop
  endfacet
  facet normal 0 0 1
    outer loop
      vertex 115 160 0
      vertex 119 165 0
      vertex 115 165 0
    endloop
  endfacet
  facet normal 0 0 1
    outer loop
      vertex 115 165 0
      vertex 119 165 0
      vertex 119 170 0
    endloop
  endfacet
  facet normal 0 0 1
    outer loop
      vertex 115 165 0
      vertex 119 170 0
      vertex 115 170 0
    endloop
  endfacet
  facet normal 0 0 1
    outer loop
      vertex 115 170 0
      vertex 119 170 0
      vertex 119 175 0
    endloop
  endfacet
  facet normal 0 0 1
    outer loop
      vertex 115 170 0
      vertex 119 175 0
      vertex 115 175 0
    endloop
  endfacet
  facet normal 0 0 1
    outer loop
      vertex 115 175 0
      vertex 119 175 0
      vertex 119 180 0
    endloop
  endfacet
  facet normal 0 0 1
    outer loop
      vertex 115 175 0
      vertex 119 180 0
      vertex 115 180 0
    endloop
  endfacet
  facet normal 0 0 1
    outer loop
      vertex 115 180 0
      vertex 119 180 0
      vertex 119 185 0
    endloop
  endfacet
  facet normal 0 0 1
    outer loop
      vertex 115 180 0
      vertex 119 185 0
      vertex 115 185 0
    endloop
  endfacet
  facet normal 0 0 1
    outer loop
      vertex 115 185 0
      vertex 119 185 0
      vertex 119 190 0
    endloop
  endfacet
  facet normal 0 0 1
    outer loop
      vertex 115 185 0
      vertex 119 190 0
      vertex 115 190 0
    endloop
  endfacet
  facet normal 0 0 1
    outer loop
      vertex 115 190 0
      vertex 119 190 0
      vertex 119 195 0
    endloop
  endfacet
  facet normal 0 0 1
    outer loop
      vertex 115 190 0
      vertex 119 195 0
      vertex 115 195 0
    endloop
  endfacet
  facet normal 0 0 1
    outer loop
      vertex 115 195 0
      vertex 119 195 0
      vertex 119 200 0
    endloop
  endfacet
  facet normal 0 0 1
    outer loop
      vertex 115 195 0
      vertex 119 200 0
      vertex 115 200 0
    endloop
  endfacet
  facet normal 0 0 1
    outer loop
      vertex 115 200 0
      vertex 119 200 0
      vertex 119 205 0
    endloop
  endfacet
  facet normal 0 0 1
    outer loop
      vertex 115 200 0
      vertex 119 205 0
      vertex 115 205 0
    endloop
  endfacet
  facet normal 0 0 1
    outer loop
      vertex 115 205 0
      vertex 119 205 0
      vertex 119 210 0
    endloop
  endfacet
  facet normal 0 0 1
    outer loop
      vertex 115 205 0
      vertex 119 210 0
      vertex 115 210 0
    endloop
  endfacet
  facet normal 0 0 1
    outer loop
      vertex 115 210 0
      vertex 119 210 0
      vertex 119 215 0
    endloop
  endfacet
  facet normal 0 0 1
    outer loop
      vertex 115 210 0
      vertex 119 215 0
      vertex 115 215 0
    endloop
  endfacet
  facet normal 0 0 1
    outer loop
      vertex 115 215 0
      vertex 119 215 0
      vertex 119 220 0
    endloop
  endfacet
  facet normal 0 0 1
    outer loop
      vertex 115 215 0
      vertex 119 220 0
      vertex 115 220 0
    endloop
  endfacet
  facet normal 0 0 1
    outer loop
      vertex 115 220 0
      vertex 119 220 0
      vertex 119 225 0
    endloop
  endfacet
  facet normal 0 0 1
    outer loop
      vertex 115 220 0
      vertex 119 225 0
      vertex 115 225 0
    endloop
  endfacet
  facet normal 0 0 1
    outer loop
      vertex 115 225 0
      vertex 119 225 0
      vertex 119 230 0
    endloop
  endfacet
  facet normal 0 0 1
    outer loop
      vertex 115 225 0
      vertex 119 230 0
      vertex 115 230 0
    endloop
  endfacet
  facet normal 0 0 1
    outer loop
      vertex 115 230 0
      vertex 119 230 0
      vertex 119 235 0
    endloop
  endfacet
  facet normal 0 0 1
    outer loop
      vertex 115 230 0
      vertex 119 235 0
      vertex 115 235 0
    endloop
  endfacet
  facet normal 0 0 1
    outer loop
      vertex 115 235 0
      vertex 119 235 0
      vertex 119 240 0
    endloop
  endfacet
  facet normal 0 0 1
    outer loop
      vertex 115 235 0
      vertex 119 240 0
      vertex 115 240 0
    endloop
  endfacet
  facet normal 0 0 1
    outer loop
      vertex 119 0 0
      vertex 123 0 0
      vertex 123 5 0
    endloop
  endfacet
  facet normal 0 0 1
    outer loop
      vertex 119 0 0
      vertex 123 5 0
      vertex 119 5 0
    endloop
  endfacet
  facet normal 0 0 1
    outer loop
      vertex 119 5 0
      vertex 123 5 0
      vertex 123 10 0
    endloop
  endfacet
  facet normal 0 0 1
    outer loop
      vertex 119 5 0
      vertex 123 10 0
      vertex 119 10 0
    endloop
  endfacet
  facet normal 0 0 1
    outer loop
      vertex 119 10 0
      vertex 123 10 0
      vertex 123 15 0
    endloop
  endfacet
  facet normal 0 0 1
    outer loop
      vertex 119 10 0
      vertex 123 15 0
      vertex 119 15 0
    endloop
  endfacet
  facet normal 0 0 1
    outer loop
      vertex 119 15 0
      vertex 123 15 0
      vertex 123 20 0
    endloop
  endfacet
  facet normal 0 0 1
    outer loop
      vertex 119 15 0
      vertex 123 20 0
      vertex 119 20 0
    endloop
  endfacet
  facet normal 0 0 1
    outer loop
      vertex 119 20 0
      vertex 123 20 0
      vertex 123 25 0
    endloop
  endfacet
  facet normal 0 0 1
    outer loop
      vertex 119 20 0
      vertex 123 25 0
      vertex 119 25 0
    endloop
  endfacet
  facet normal 0 0 1
    outer loop
      vertex 119 25 0
      vertex 123 25 0
      vertex 123 30 0
    endloop
  endfacet
  facet normal 0 0 1
    outer loop
      vertex 119 25 0
      vertex 123 30 0
      vertex 119 30 0
    endloop
  endfacet
  facet normal 0 0 1
    outer loop
      vertex 119 30 0
      vertex 123 30 0
      vertex 123 35 0
    endloop
  endfacet
  facet normal 0 0 1
    outer loop
      vertex 119 30 0
      vertex 123 35 0
      vertex 119 35 0
    endloop
  endfacet
  facet normal 0 0 1
    outer loop
      vertex 119 35 0
      vertex 123 35 0
      vertex 123 40 0
    endloop
  endfacet
  facet normal 0 0 1
    outer loop
      vertex 119 35 0
      vertex 123 40 0
      vertex 119 40 0
    endloop
  endfacet
  facet normal 0 0 1
    outer loop
      vertex 119 40 0
      vertex 123 40 0
      vertex 123 45 0
    endloop
  endfacet
  facet normal 0 0 1
    outer loop
      vertex 119 40 0
      vertex 123 45 0
      vertex 119 45 0
    endloop
  endfacet
  facet normal 0 0 1
    outer loop
      vertex 119 45 0
      vertex 123 45 0
      vertex 123 50 0
    endloop
  endfacet
  facet normal 0 0 1
    outer loop
      vertex 119 45 0
      vertex 123 50 0
      vertex 119 50 0
    endloop
  endfacet
  facet normal 0 0 1
    outer loop
      vertex 119 50 0
      vertex 123 50 0
      vertex 123 55 0
    endloop
  endfacet
  facet normal 0 0 1
    outer loop
      vertex 119 50 0
      vertex 123 55 0
      vertex 119 55 0
    endloop
  endfacet
  facet normal 0 0 1
    outer loop
      vertex 119 55 0
      vertex 123 55 0
      vertex 123 60 0
    endloop
  endfacet
  facet normal 0 0 1
    outer loop
      vertex 119 55 0
      vertex 123 60 0
      vertex 119 60 0
    endloop
  endfacet
  facet normal 0 0 1
    outer loop
      vertex 119 60 0
      vertex 123 60 0
      vertex 123 65 0
    endloop
  endfacet
  facet normal 0 0 1
    outer loop
      vertex 119 60 0
      vertex 123 65 0
      vertex 119 65 0
    endloop
  endfacet
  facet normal 0 0 1
    outer loop
      vertex 119 65 0
      vertex 123 65 0
      vertex 123 70 0
    endloop
  endfacet
  facet normal 0 -0 1
    outer loop
      vertex 119 65 0
      vertex 123 70 0
      vertex 119 70 0
    endloop
  endfacet
  facet normal 0 0 1
    outer loop
      vertex 119 70 0
      vertex 123 70 0
      vertex 123 75 0
    endloop
  endfacet
  facet normal 0 0 1
    outer loop
      vertex 119 70 0
      vertex 123 75 0
      vertex 119 75 0
    endloop
  endfacet
  facet normal 0 0 1
    outer loop
      vertex 119 75 0
      vertex 123 75 0
      vertex 123 80 0
    endloop
  endfacet
  facet normal 0 0 1
    outer loop
      vertex 119 75 0
      vertex 123 80 0
      vertex 119 80 0
    endloop
  endfacet
  facet normal 0 0 1
    outer loop
      vertex 119 80 0
      vertex 123 80 0
      vertex 123 85 0
    endloop
  endfacet
  facet normal 0 0 1
    outer loop
      vertex 119 80 0
      vertex 123 85 0
      vertex 119 85 0
    endloop
  endfacet
  facet normal 0 0 1
    outer loop
      vertex 119 85 0
      vertex 123 85 0
      vertex 123 90 0
    endloop
  endfacet
  facet normal 0 0 1
    outer loop
      vertex 119 85 0
      vertex 123 90 0
      vertex 119 90 0
    endloop
  endfacet
  facet normal 0 0 1
    outer loop
      vertex 119 90 0
      vertex 123 90 0
      vertex 123 95 0
    endloop
  endfacet
  facet normal 0 0 1
    outer loop
      vertex 119 90 0
      vertex 123 95 0
      vertex 119 95 0
    endloop
  endfacet
  facet normal 0 0 1
    outer loop
      vertex 119 95 0
      vertex 123 95 0
      vertex 123 100 0
    endloop
  endfacet
  facet normal 0 0 1
    outer loop
      vertex 119 95 0
      vertex 123 100 0
      vertex 119 100 0
    endloop
  endfacet
  facet normal 0 0 1
    outer loop
      vertex 119 100 0
      vertex 123 100 0
      vertex 123 105 0
    endloop
  endfacet
  facet normal 0 0 1
    outer loop
      vertex 119 100 0
      vertex 123 105 0
      vertex 119 105 0
    endloop
  endfacet
  facet normal 0 0 1
    outer loop
      vertex 119 105 0
      vertex 123 105 0
      vertex 123 110 0
    endloop
  endfacet
  facet normal 0 0 1
    outer loop
      vertex 119 105 0
      vertex 123 110 0
      vertex 119 110 0
    endloop
  endfacet
  facet normal 0 0 1
    outer loop
      vertex 119 110 0
      vertex 123 110 0
      vertex 123 115 0
    endloop
  endfacet
  facet normal 0 0 1
    outer loop
      vertex 119 110 0
      vertex 123 115 0
      vertex 119 115 0
    endloop
  endfacet
  facet normal 0 0 1
    outer loop
      vertex 119 115 0
      vertex 123 115 0
      vertex 123 120 0
    endloop
  endfacet
  facet normal 0 0 1
    outer loop
      vertex 119 115 0
      vertex 123 120 0
      vertex 119 120 0
    endloop
  endfacet
  facet normal 0 0 1
    outer loop
      vertex 119 120 0
      vertex 123 120 0
      vertex 123 125 0
    endloop
  endfacet
  facet normal 0 0 1
    outer loop
      vertex 119 120 0
      vertex 123 125 0
      vertex 119 125 0
    endloop
  endfacet
  facet normal 0 0 1
    outer loop
      vertex 119 125 0
      vertex 123 125 0
      vertex 123 130 0
    endloop
  endfacet
  facet normal 0 0 1
    outer loop
      vertex 119 125 0
      vertex 123 130 0
      vertex 119 130 0
    endloop
  endfacet
  facet normal 0 0 1
    outer loop
      vertex 119 130 0
      vertex 123 130 0
      vertex 123 135 0
    endloop
  endfacet
  facet normal 0 0 1
    outer loop
      vertex 119 130 0
      vertex 123 135 0
      vertex 119 135 0
    endloop
  endfacet
  facet normal 0 0 1
    outer loop
      vertex 119 135 0
      vertex 123 135 0
      vertex 123 140 0
    endloop
  endfacet
  facet normal 0 0 1
    outer loop
      vertex 119 135 0
      vertex 123 140 0
      vertex 119 140 0
    endloop
  endfacet
  facet normal 0 0 1
    outer loop
      vertex 119 140 0
      vertex 123 140 0
      vertex 123 145 0
    endloop
  endfacet
  facet normal 0 0 1
    outer loop
      vertex 119 140 0
      vertex 123 145 0
      vertex 119 145 0
    endloop
  endfacet
  facet normal 0 0 1
    outer loop
      vertex 119 145 0
      vertex 123 145 0
      vertex 123 150 0
    endloop
  endfacet
  facet normal 0 0 1
    outer loop
      vertex 119 145 0
      vertex 123 150 0
      vertex 119 150 0
    endloop
  endfacet
  facet normal 0 0 1
    outer loop
      vertex 119 150 0
      vertex 123 150 0
      vertex 123 155 0
    endloop
  endfacet
  facet normal 0 0 1
    outer loop
      vertex 119 150 0
      vertex 123 155 0
      vertex 119 155 0
    endloop
  endfacet
  facet normal 0 0 1
    outer loop
      vertex 119 155 0
      vertex 123 155 0
      vertex 123 160 0
    endloop
  endfacet
  facet normal 0 0 1
    outer loop
      vertex 119 155 0
      vertex 123 160 0
      vertex 119 160 0
    endloop
  endfacet
  facet normal 0 0 1
    outer loop
      vertex 119 160 0
      vertex 123 160 0
      vertex 123 165 0
    endloop
  endfacet
  facet normal 0 0 1
    outer loop
      vertex 119 160 0
      vertex 123 165 0
      vertex 119 165 0
    endloop
  endfacet
  facet normal 0 0 1
    outer loop
      vertex 119 165 0
      vertex 123 165 0
      vertex 123 170 0
    endloop
  endfacet
  facet normal 0 0 1
    outer loop
      vertex 119 165 0
      vertex 123 170 0
      vertex 119 170 0
    endloop
  endfacet
  facet normal 0 0 1
    outer loop
      vertex 119 170 0
      vertex 123 170 0
      vertex 123 175 0
    endloop
  endfacet
  facet normal 0 0 1
    outer loop
      vertex 119 170 0
      vertex 123 175 0
      vertex 119 175 0
    endloop
  endfacet
  facet normal 0 0 1
    outer loop
      vertex 119 175 0
      vertex 123 175 0
      vertex 123 180 0
    endloop
  endfacet
  facet normal 0 0 1
    outer loop
      vertex 119 175 0
      vertex 123 180 0
      vertex 119 180 0
    endloop
  endfacet
  facet normal 0 0 1
    outer loop
      vertex 119 180 0
      vertex 123 180 0
      vertex 123 185 0
    endloop
  endfacet
  facet normal 0 0 1
    outer loop
      vertex 119 180 0
      vertex 123 185 0
      vertex 119 185 0
    endloop
  endfacet
  facet normal 0 0 1
    outer loop
      vertex 119 185 0
      vertex 123 185 0
      vertex 123 190 0
    endloop
  endfacet
  facet normal 0 0 1
    outer loop
      vertex 119 185 0
      vertex 123 190 0
      vertex 119 190 0
    endloop
  endfacet
  facet normal 0 0 1
    outer loop
      vertex 119 190 0
      vertex 123 190 0
      vertex 123 195 0
    endloop
  endfacet
  facet normal 0 0 1
    outer loop
      vertex 119 190 0
      vertex 123 195 0
      vertex 119 195 0
    endloop
  endfacet
  facet normal 0 0 1
    outer loop
      vertex 119 195 0
      vertex 123 195 0
      vertex 123 200 0
    endloop
  endfacet
  facet normal 0 0 1
    outer loop
      vertex 119 195 0
      vertex 123 200 0
      vertex 119 200 0
    endloop
  endfacet
  facet normal 0 0 1
    outer loop
      vertex 119 200 0
      vertex 123 200 0
      vertex 123 205 0
    endloop
  endfacet
  facet normal 0 0 1
    outer loop
      vertex 119 200 0
      vertex 123 205 0
      vertex 119 205 0
    endloop
  endfacet
  facet normal 0 0 1
    outer loop
      vertex 119 205 0
      vertex 123 205 0
      vertex 123 210 0
    endloop
  endfacet
  facet normal 0 0 1
    outer loop
      vertex 119 205 0
      vertex 123 210 0
      vertex 119 210 0
    endloop
  endfacet
  facet normal 0 0 1
    outer loop
      vertex 119 210 0
      vertex 123 210 0
      vertex 123 215 0
    endloop
  endfacet
  facet normal 0 0 1
    outer loop
      vertex 119 210 0
      vertex 123 215 0
      vertex 119 215 0
    endloop
  endfacet
  facet normal 0 0 1
    outer loop
      vertex 119 215 0
      vertex 123 215 0
      vertex 123 220 0
    endloop
  endfacet
  facet normal 0 0 1
    outer loop
      vertex 119 215 0
      vertex 123 220 0
      vertex 119 220 0
    endloop
  endfacet
  facet normal 0 0 1
    outer loop
      vertex 119 220 0
      vertex 123 220 0
      vertex 123 225 0
    endloop
  endfacet
  facet normal 0 0 1
    outer loop
      vertex 119 220 0
      vertex 123 225 0
      vertex 119 225 0
    endloop
  endfacet
  facet normal 0 0 1
    outer loop
      vertex 119 225 0
      vertex 123 225 0
      vertex 123 230 0
    endloop
  endfacet
  facet normal 0 0 1
    outer loop
      vertex 119 225 0
      vertex 123 230 0
      vertex 119 230 0
    endloop
  endfacet
  facet normal 0 0 1
    outer loop
      vertex 119 230 0
      vertex 123 230 0
      vertex 123 235 0
    endloop
  endfacet
  facet normal 0 0 1
    outer loop
      vertex 119 230 0
      vertex 123 235 0
      vertex 119 235 0
    endloop
  endfacet
  facet normal 0 0 1
    outer loop
      vertex 119 235 0
      vertex 123 235 0
      vertex 123 240 0
    endloop
  endfacet
  facet normal 0 0 1
    outer loop
      vertex 119 235 0
      vertex 123 240 0
      vertex 119 240 0
    endloop
  endfacet
  facet normal 0 0 1
    outer loop
      vertex 0 0 0
      vertex 5 0 0
      vertex 5 5 0
    endloop
  endfacet
  facet normal 0 0 1
    outer loop
      vertex 0 0 0
      vertex 5 5 0
      vertex 0 5 0
    endloop
  endfacet
  facet normal 0 0 1
    outer loop
      vertex 0 5 0
      vertex 5 5 0
      vertex 5 10 0
    endloop
  endfacet
  facet normal 0 0 1
    outer loop
      vertex 0 5 0
      vertex 5 10 0
      vertex 0 10 0
    endloop
  endfacet
  facet normal 0 0 1
    outer loop
      vertex 0 10 0
      vertex 5 10 0
      vertex 5 15 0
    endloop
  endfacet
  facet normal 0 0 1
    outer loop
      vertex 0 10 0
      vertex 5 15 0
      vertex 0 15 0
    endloop
  endfacet
  facet normal 0 0 1
    outer loop
      vertex 0 15 0
      vertex 5 15 0
      vertex 5 20 0
    endloop
  endfacet
  facet normal 0 0 1
    outer loop
      vertex 0 15 0
      vertex 5 20 0
      vertex 0 20 0
    endloop
  endfacet
  facet normal 0 0 1
    outer loop
      vertex 5 0 0
      vertex 10 0 0
      vertex 10 5 0
    endloop
  endfacet
  facet normal 0 0 1
    outer loop
      vertex 5 0 0
      vertex 10 5 0
      vertex 5 5 0
    endloop
  endfacet
  facet normal 0 0 1
    outer loop
      vertex 5 5 0
      vertex 10 5 0
      vertex 10 10 0
    endloop
  endfacet
  facet normal 0 0 1
    outer loop
      vertex 5 5 0
      vertex 10 10 0
      vertex 5 10 0
    endloop
  endfacet
  facet normal 0 0 1
    outer loop
      vertex 5 10 0
      vertex 10 10 0
      vertex 10 15 0
    endloop
  endfacet
  facet normal 0 0 1
    outer loop
      vertex 5 10 0
      vertex 10 15 0
      vertex 5 15 0
    endloop
  endfacet
  facet normal 0 0 1
    outer loop
      vertex 5 15 0
      vertex 10 15 0
      vertex 10 20 0
    endloop
  endfacet
  facet normal 0 0 1
    outer loop
      vertex 5 15 0
      vertex 10 20 0
      vertex 5 20 0
    endloop
  endfacet
  facet normal 0 0 1
    outer loop
      vertex 10 0 0
      vertex 15 0 0
      vertex 15 5 0
    endloop
  endfacet
  facet normal 0 0 1
    outer loop
      vertex 10 0 0
      vertex 15 5 0
      vertex 10 5 0
    endloop
  endfacet
  facet normal 0 0 1
    outer loop
      vertex 10 5 0
      vertex 15 5 0
      vertex 15 10 0
    endloop
  endfacet
  facet normal 0 0 1
    outer loop
      vertex 10 5 0
      vertex 15 10 0
      vertex 10 10 0
    endloop
  endfacet
  facet normal 0 0 1
    outer loop
      vertex 10 10 0
      vertex 15 10 0
      vertex 15 15 0
    endloop
  endfacet
  facet normal 0 0 1
    outer loop
      vertex 10 10 0
      vertex 15 15 0
      vertex 10 15 0
    endloop
  endfacet
  facet normal 0 0 1
    outer loop
      vertex 10 15 0
      vertex 15 15 0
      vertex 15 20 0
    endloop
  endfacet
  facet normal 0 0 1
    outer loop
      vertex 10 15 0
      vertex 15 20 0
      vertex 10 20 0
    endloop
  endfacet
  facet normal 0 0 1
    outer loop
      vertex 15 0 0
      vertex 20 0 0
      vertex 20 5 0
    endloop
  endfacet
  facet normal 0 0 1
    outer loop
      vertex 15 0 0
      vertex 20 5 0
      vertex 15 5 0
    endloop
  endfacet
  facet normal 0 0 1
    outer loop
      vertex 15 5 0
      vertex 20 5 0
      vertex 20 10 0
    endloop
  endfacet
  facet normal 0 0 1
    outer loop
      vertex 15 5 0
      vertex 20 10 0
      vertex 15 10 0
    endloop
  endfacet
  facet normal 0 0 1
    outer loop
      vertex 15 10 0
      vertex 20 10 0
      vertex 20 15 0
    endloop
  endfacet
  facet normal 0 0 1
    outer loop
      vertex 15 10 0
      vertex 20 15 0
      vertex 15 15 0
    endloop
  endfacet
  facet normal 0 0 1
    outer loop
      vertex 15 15 0
      vertex 20 15 0
      vertex 20 20 0
    endloop
  endfacet
  facet normal 0 0 1
    outer loop
      vertex 15 15 0
      vertex 20 20 0
      vertex 15 20 0
    endloop
  endfacet
  facet normal 0 0 1
    outer loop
      vertex 45 45 0
      vertex 50 45 0
      vertex 50 50 0
    endloop
  endfacet
  facet normal 0 0 1
    outer loop
      vertex 45 45 0
      vertex 50 50 0
      vertex 45 50 0
    endloop
  endfacet
  facet normal 0 0 1
    outer loop
      vertex 45 50 0
      vertex 50 50 0
      vertex 50 55 0
    endloop
  endfacet
  facet normal 0 0 1
    outer loop
      vertex 45 50 0
      vertex 50 55 0
      vertex 45 55 0
    endloop
  endfacet
  facet normal 0 0 1
    outer loop
      vertex 45 55 0
      vertex 50 55 0
      vertex 50 60 0
    endloop
  endfacet
  facet normal 0 0 1
    outer loop
      vertex 45 55 0
      vertex 50 60 0
      vertex 45 60 0
    endloop
  endfacet
  facet normal 0 0 1
    outer loop
      vertex 50 45 0
      vertex 55 45 0
      vertex 55 50 0
    endloop
  endfacet
  facet normal 0 0 1
    outer loop
      vertex 50 45 0
      vertex 55 50 0
      vertex 50 50 0
    endloop
  endfacet
  facet normal 0 0 1
    outer loop
      vertex 50 50 0
      vertex 55 50 0
      vertex 55 55 0
    endloop
  endfacet
  facet normal 0 0 1
    outer loop
      vertex 50 50 0
      vertex 55 55 0
      vertex 50 55 0
    endloop
  endfacet
  facet normal 0 0 1
    outer loop
      vertex 50 55 0
      vertex 55 55 0
      vertex 55 60 0
    endloop
  endfacet
  facet normal 0 0 1
    outer loop
      vertex 50 55 0
      vertex 55 60 0
      vertex 50 60 0
    endloop
  endfacet
  facet normal 0 0 1
    outer loop
      vertex 0 128 0
      vertex 5 128 0
      vertex 5 132.7 0
    endloop
  endfacet
  facet normal 0 0 1
    outer loop
      vertex 0 128 0
      vertex 5 132.7 0
      vertex 0 132.7 0
    endloop
  endfacet
  facet normal 0 0 1
    outer loop
      vertex 0 132.7 0
      vertex 5 132.7 0
      vertex 5 137.4 0
    endloop
  endfacet
  facet normal 0 0 1
    outer loop
      vertex 0 132.7 0
      vertex 5 137.4 0
      vertex 0 137.4 0
    endloop
  endfacet
  facet normal 0 0 1
    outer loop
      vertex 0 137.4 0
      vertex 5 137.4 0
      vertex 5 142.1 0
    endloop
  endfacet
  facet normal 0 0 1
    outer loop
      vertex 0 137.4 0
      vertex 5 142.1 0
      vertex 0 142.1 0
    endloop
  endfacet
  facet normal 0 0 1
    outer loop
      vertex 0 142.1 0
      vertex 5 142.1 0
      vertex 5 146.8 0
    endloop
  endfacet
  facet normal 0 0 1
    outer loop
      vertex 0 142.1 0
      vertex 5 146.8 0
      vertex 0 146.8 0
    endloop
  endfacet
  facet normal 0 0 1
    outer loop
      vertex 0 146.8 0
      vertex 5 146.8 0
      vertex 5 151.5 0
    endloop
  endfacet
  facet normal 0 0 1
    outer loop
      vertex 0 146.8 0
      vertex 5 151.5 0
      vertex 0 151.5 0
    endloop
  endfacet
  facet normal 0 0 1
    outer loop
      vertex 0 151.5 0
      vertex 5 151.5 0
      vertex 5 156.2 0
    endloop
  endfacet
  facet normal 0 0 1
    outer loop
      vertex 0 151.5 0
      vertex 5 156.2 0
      vertex 0 156.2 0
    endloop
  endfacet
  facet normal 0 0 1
    outer loop
      vertex 0 156.2 0
      vertex 5 156.2 0
      vertex 5 160.9 0
    endloop
  endfacet
  facet normal 0 0 1
    outer loop
      vertex 0 156.2 0
      vertex 5 160.9 0
      vertex 0 160.9 0
    endloop
  endfacet
  facet normal 0 0 1
    outer loop
      vertex 0 160.9 0
      vertex 5 160.9 0
      vertex 5 165.6 0
    endloop
  endfacet
  facet normal 0 0 1
    outer loop
      vertex 0 160.9 0
      vertex 5 165.6 0
      vertex 0 165.6 0
    endloop
  endfacet
  facet normal 0 0 1
    outer loop
      vertex 0 165.6 0
      vertex 5 165.6 0
      vertex 5 170.3 0
    endloop
  endfacet
  facet normal 0 0 1
    outer loop
      vertex 0 165.6 0
      vertex 5 170.3 0
      vertex 0 170.3 0
    endloop
  endfacet
  facet normal 0 0 1
    outer loop
      vertex 0 170.3 0
      vertex 5 170.3 0
      vertex 5 175 0
    endloop
  endfacet
  facet normal 0 0 1
    outer loop
      vertex 0 170.3 0
      vertex 5 175 0
      vertex 0 175 0
    endloop
  endfacet
  facet normal 0 0 1
    outer loop
      vertex 5 128 0
      vertex 10 128 0
      vertex 10 132.7 0
    endloop
  endfacet
  facet normal 0 0 1
    outer loop
      vertex 5 128 0
      vertex 10 132.7 0
      vertex 5 132.7 0
    endloop
  endfacet
  facet normal -0 0 1
    outer loop
      vertex 5 132.7 0
      vertex 10 132.7 0
      vertex 10 137.4 0
    endloop
  endfacet
  facet normal 0 0 1
    outer loop
      vertex 5 132.7 0
      vertex 10 137.4 0
      vertex 5 137.4 0
    endloop
  endfacet
  facet normal 0 0 1
    outer loop
      vertex 5 137.4 0
      vertex 10 137.4 0
      vertex 10 142.1 0
    endloop
  endfacet
  facet normal 0 0 1
    outer loop
      vertex 5 137.4 0
      vertex 10 142.1 0
      vertex 5 142.1 0
    endloop
  endfacet
  facet normal 0 0 1
    outer loop
      vertex 5 142.1 0
      vertex 10 142.1 0
      vertex 10 146.8 0
    endloop
  endfacet
  facet normal 0 0 1
    outer loop
      vertex 5 142.1 0
      vertex 10 146.8 0
      vertex 5 146.8 0
    endloop
  endfacet
  facet normal 0 0 1
    outer loop
      vertex 5 146.8 0
      vertex 10 146.8 0
      vertex 10 151.5 0
    endloop
  endfacet
  facet normal 0 0 1
    outer loop
      vertex 5 146.8 0
      vertex 10 151.5 0
      vertex 5 151.5 0
    endloop
  endfacet
  facet normal 0 0 1
    outer loop
      vertex 5 151.5 0
      vertex 10 151.5 0
      vertex 10 156.2 0
    endloop
  endfacet
  facet normal 0 0 1
    outer loop
      vertex 5 151.5 0
      vertex 10 156.2 0
      vertex 5 156.2 0
    endloop
  endfacet
  facet normal 0 0 1
    outer loop
      vertex 5 156.2 0
      vertex 10 156.2 0
      vertex 10 160.9 0
    endloop
  endfacet
  facet normal 0 0 1
    outer loop
      vertex 5 156.2 0
      vertex 10 160.9 0
      vertex 5 160.9 0
    endloop
  endfacet
  facet normal 0 0 1
    outer loop
      vertex 5 160.9 0
      vertex 10 160.9 0
      vertex 10 165.6 0
    endloop
  endfacet
  facet normal 0 0 1
    outer loop
      vertex 5 160.9 0
      vertex 10 165.6 0
      vertex 5 165.6 0
    endloop
  endfacet
  facet normal -0 0 1
    outer loop
      vertex 5 165.6 0
      vertex 10 165.6 0
      vertex 10 170.3 0
    endloop
  endfacet
  facet normal 0 0 1
    outer loop
      vertex 5 165.6 0
      vertex 10 170.3 0
      vertex 5 170.3 0
    endloop
  endfacet
  facet normal 0 0 1
    outer loop
      vertex 5 170.3 0
      vertex 10 170.3 0
      vertex 10 175 0
    endloop
  endfacet
  facet normal 0 0 1
    outer loop
      vertex 5 170.3 0
      vertex 10 175 0
      vertex 5 175 0
    endloop
  endfacet
  facet normal 0 0 1
    outer loop
      vertex 10 128 0
      vertex 15 128 0
      vertex 15 132.7 0
    endloop
  endfacet
  facet normal 0 0 1
    outer loop
      vertex 10 128 0
      vertex 15 132.7 0
      vertex 10 132.7 0
    endloop
  endfacet
  facet normal 0 0 1
    outer loop
      vertex 10 132.7 0
      vertex 15 132.7 0
      vertex 15 137.4 0
    endloop
  endfacet
  facet normal 0 0 1
    outer loop
      vertex 10 132.7 0
      vertex 15 137.4 0
      vertex 10 137.4 0
    endloop
  endfacet
  facet normal 0 0 1
    outer loop
      vertex 10 137.4 0
      vertex 15 137.4 0
      vertex 15 142.1 0
    endloop
  endfacet
  facet normal 0 0 1
    outer loop
      vertex 10 137.4 0
      vertex 15 142.1 0
      vertex 10 142.1 0
    endloop
  endfacet
  facet normal 0 0 1
    outer loop
      vertex 10 142.1 0
      vertex 15 142.1 0
      vertex 15 146.8 0
    endloop
  endfacet
  facet normal 0 0 1
    outer loop
      vertex 10 142.1 0
      vertex 15 146.8 0
      vertex 10 146.8 0
    endloop
  endfacet
  facet normal 0 0 1
    outer loop
      vertex 10 146.8 0
      vertex 15 146.8 0
      vertex 15 151.5 0
    endloop
  endfacet
  facet normal 0 0 1
    outer loop
      vertex 10 146.8 0
      vertex 15 151.5 0
      vertex 10 151.5 0
    endloop
  endfacet
  facet normal 0 0 1
    outer loop
      vertex 10 151.5 0
      vertex 15 151.5 0
      vertex 15 156.2 0
    endloop
  endfacet
  facet normal 0 0 1
    outer loop
      vertex 10 151.5 0
      vertex 15 156.2 0
      vertex 10 156.2 0
    endloop
  endfacet
  facet normal 0 0 1
    outer loop
      vertex 10 156.2 0
      vertex 15 156.2 0
      vertex 15 160.9 0
    endloop
  endfacet
  facet normal 0 0 1
    outer loop
      vertex 10 156.2 0
      vertex 15 160.9 0
      vertex 10 160.9 0
    endloop
  endfacet
  facet normal -0 0 1
    outer loop
      vertex 10 160.9 0
      vertex 15 160.9 0
      vertex 15 165.6 0
    endloop
  endfacet
  facet normal 0 0 1
    outer loop
      vertex 10 160.9 0
      vertex 15 165.6 0
      vertex 10 165.6 0
    endloop
  endfacet
  facet normal 0 0 1
    outer loop
      vertex 10 165.6 0
      vertex 15 165.6 0
      vertex 15 170.3 0
    endloop
  endfacet
  facet normal 0 0 1
    outer loop
      vertex 10 165.6 0
      vertex 15 170.3 0
      vertex 10 170.3 0
    endloop
  endfacet
  facet normal 0 0 1
    outer loop
      vertex 10 170.3 0
      vertex 15 170.3 0
      vertex 15 175 0
    endloop
  endfacet
  facet normal 0 0 1
    outer loop
      vertex 10 170.3 0
      vertex 15 175 0
      vertex 10 175 0
    endloop
  endfacet
  facet normal 0 0 1
    outer loop
      vertex 15 128 0
      vertex 20 128 0
      vertex 20 132.7 0
    endloop
  endfacet
  facet normal 0 0 1
    outer loop
      vertex 15 128 0
      vertex 20 132.7 0
      vertex 15 132.7 0
    endloop
  endfacet
  facet normal -0 0 1
    outer loop
      vertex 15 132.7 0
      vertex 20 132.7 0
      vertex 20 137.4 0
    endloop
  endfacet
  facet normal 0 0 1
    outer loop
      vertex 15 132.7 0
      vertex 20 137.4 0
      vertex 15 137.4 0
    endloop
  endfacet
  facet normal 0 0 1
    outer loop
      vertex 15 137.4 0
      vertex 20 137.4 0
      vertex 20 142.1 0
    endloop
  endfacet
  facet normal 0 -0 1
    outer loop
      vertex 15 137.4 0
      vertex 20 142.1 0
      vertex 15 142.1 0
    endloop
  endfacet
  facet normal 0 0 1
    outer loop
      vertex 15 142.1 0
      vertex 20 142.1 0
      vertex 20 146.8 0
    endloop
  endfacet
  facet normal 0 0 1
    outer loop
      vertex 15 142.1 0
      vertex 20 146.8 0
      vertex 15 146.8 0
    endloop
  endfacet
  facet normal 0 0 1
    outer loop
      vertex 15 146.8 0
      vertex 20 146.8 0
      vertex 20 151.5 0
    endloop
  endfacet
  facet normal 0 0 1
    outer loop
      vertex 15 146.8 0
      vertex 20 151.5 0
      vertex 15 151.5 0
    endloop
  endfacet
  facet normal 0 0 1
    outer loop
      vertex 15 151.5 0
      vertex 20 151.5 0
      vertex 20 156.2 0
    endloop
  endfacet
  facet normal 0 0 1
    outer loop
      vertex 15 151.5 0
      vertex 20 156.2 0
      vertex 15 156.2 0
    endloop
  endfacet
  facet normal 0 0 1
    outer loop
      vertex 15 156.2 0
      vertex 20 156.2 0
      vertex 20 160.9 0
    endloop
  endfacet
  facet normal 0 0 1
    outer loop
      vertex 15 156.2 0
      vertex 20 160.9 0
      vertex 15 160.9 0
    endloop
  endfacet
  facet normal 0 0 1
    outer loop
      vertex 15 160.9 0
      vertex 20 160.9 0
      vertex 20 165.6 0
    endloop
  endfacet
  facet normal 0 0 1
    outer loop
      vertex 15 160.9 0
      vertex 20 165.6 0
      vertex 15 165.6 0
    endloop
  endfacet
  facet normal -0 0 1
    outer loop
      vertex 15 165.6 0
      vertex 20 165.6 0
      vertex 20 170.3 0
    endloop
  endfacet
  facet normal 0 0 1
    outer loop
      vertex 15 165.6 0
      vertex 20 170.3 0
      vertex 15 170.3 0
    endloop
  endfacet
  facet normal 0 0 1
    outer loop
      vertex 15 170.3 0
      vertex 20 170.3 0
      vertex 20 175 0
    endloop
  endfacet
  facet normal 0 0 1
    outer loop
      vertex 15 170.3 0
      vertex 20 175 0
      vertex 15 175 0
    endloop
  endfacet
  facet normal 0 0 1
    outer loop
      vertex 63 128 0
      vertex 67.7272727273 128 0
      vertex 67.7272727273 132.7 0
    endloop
  endfacet
  facet normal 0 0 1
    outer loop
      vertex 63 128 0
      vertex 67.7272727273 132.7 0
      vertex 63 132.7 0
    endloop
  endfacet
  facet normal 0 0 1
    outer loop
      vertex 63 132.7 0
      vertex 67.7272727273 132.7 0
      vertex 67.7272727273 137.4 0
    endloop
  endfacet
  facet normal 0 0 1
    outer loop
      vertex 63 132.7 0
      vertex 67.7272727273 137.4 0
      vertex 63 137.4 0
    endloop
  endfacet
  facet normal 0 0 1
    outer loop
      vertex 63 137.4 0
      vertex 67.7272727273 137.4 0
      vertex 67.7272727273 142.1 0
    endloop
  endfacet
  facet normal 0 -0 1
    outer loop
      vertex 63 137.4 0
      vertex 67.7272727273 142.1 0
      vertex 63 142.1 0
    endloop
  endfacet
  facet normal 0 0 1
    outer loop
      vertex 63 142.1 0
      vertex 67.7272727273 142.1 0
      vertex 67.7272727273 146.8 0
    endloop
  endfacet
  facet normal 0 0 1
    outer loop
      vertex 63 142.1 0
      vertex 67.7272727273 146.8 0
      vertex 63 146.8 0
    endloop
  endfacet
  facet normal 0 0 1
    outer loop
      vertex 63 146.8 0
      vertex 67.7272727273 146.8 0
      vertex 67.7272727273 151.5 0
    endloop
  endfacet
  facet normal 0 0 1
    outer loop
      vertex 63 146.8 0
      vertex 67.7272727273 151.5 0
      vertex 63 151.5 0
    endloop
  endfacet
  facet normal 0 0 1
    outer loop
      vertex 63 151.5 0
      vertex 67.7272727273 151.5 0
      vertex 67.7272727273 156.2 0
    endloop
  endfacet
  facet normal 0 0 1
    outer loop
      vertex 63 151.5 0
      vertex 67.7272727273 156.2 0
      vertex 63 156.2 0
    endloop
  endfacet
  facet normal 0 0 1
    outer loop
      vertex 63 156.2 0
      vertex 67.7272727273 156.2 0
      vertex 67.7272727273 160.9 0
    endloop
  endfacet
  facet normal 0 0 1
    outer loop
      vertex 63 156.2 0
      vertex 67.7272727273 160.9 0
      vertex 63 160.9 0
    endloop
  endfacet
  facet normal 0 0 1
    outer loop
      vertex 63 160.9 0
      vertex 67.7272727273 160.9 0
      vertex 67.7272727273 165.6 0
    endloop
  endfacet
  facet normal 0 0 1
    outer loop
      vertex 63 160.9 0
      vertex 67.7272727273 165.6 0
      vertex 63 165.6 0
    endloop
  endfacet
  facet normal 0 0 1
    outer loop
      vertex 63 165.6 0
      vertex 67.7272727273 165.6 0
      vertex 67.7272727273 170.3 0
    endloop
  endfacet
  facet normal 0 0 1
    outer loop
      vertex 63 165.6 0
      vertex 67.7272727273 170.3 0
      vertex 63 170.3 0
    endloop
  endfacet
  facet normal -0 0 1
    outer loop
      vertex 63 170.3 0
      vertex 67.7272727273 170.3 0
      vertex 67.7272727273 175 0
    endloop
  endfacet
  facet normal 0 0 1
    outer loop
      vertex 63 170.3 0
      vertex 67.7272727273 175 0
      vertex 63 175 0
    endloop
  endfacet
  facet normal 0 0 1
    outer loop
      vertex 67.7272727273 128 0
      vertex 72.4545454545 128 0
      vertex 72.4545454545 132.7 0
    endloop
  endfacet
  facet normal 0 -0 1
    outer loop
      vertex 67.7272727273 128 0
      vertex 72.4545454545 132.7 0
      vertex 67.7272727273 132.7 0
    endloop
  endfacet
  facet normal 0 0 1
    outer loop
      vertex 67.7272727273 132.7 0
      vertex 72.4545454545 132.7 0
      vertex 72.4545454545 137.4 0
    endloop
  endfacet
  facet normal 0 0 1
    outer loop
      vertex 67.7272727273 132.7 0
      vertex 72.4545454545 137.4 0
      vertex 67.7272727273 137.4 0
    endloop
  endfacet
  facet normal 0 0 1
    outer loop
      vertex 67.7272727273 137.4 0
      vertex 72.4545454545 137.4 0
      vertex 72.4545454545 142.1 0
    endloop
  endfacet
  facet normal 0 -0 1
    outer loop
      vertex 67.7272727273 137.4 0
      vertex 72.4545454545 142.1 0
      vertex 67.7272727273 142.1 0
    endloop
  endfacet
  facet normal 0 0 1
    outer loop
      vertex 67.7272727273 142.1 0
      vertex 72.4545454545 142.1 0
      vertex 72.4545454545 146.8 0
    endloop
  endfacet
  facet normal 0 0 1
    outer loop
      vertex 67.7272727273 142.1 0
      vertex 72.4545454545 146.8 0
      vertex 67.7272727273 146.8 0
    endloop
  endfacet
  facet normal 0 0 1
    outer loop
      vertex 67.7272727273 146.8 0
      vertex 72.4545454545 146.8 0
      vertex 72.4545454545 151.5 0
    endloop
  endfacet
  facet normal 0 0 1
    outer loop
      vertex 67.7272727273 146.8 0
      vertex 72.4545454545 151.5 0
      vertex 67.7272727273 151.5 0
    endloop
  endfacet
  facet normal 0 0 1
    outer loop
      vertex 67.7272727273 151.5 0
      vertex 72.4545454545 151.5 0
      vertex 72.4545454545 156.2 0
    endloop
  endfacet
  facet normal 0 -0 1
    outer loop
      vertex 67.7272727273 151.5 0
      vertex 72.4545454545 156.2 0
      vertex 67.7272727273 156.2 0
    endloop
  endfacet
  facet normal 0 0 1
    outer loop
      vertex 67.7272727273 156.2 0
      vertex 72.4545454545 156.2 0
      vertex 72.4545454545 160.9 0
    endloop
  endfacet
  facet normal 0 0 1
    outer loop
      vertex 67.7272727273 156.2 0
      vertex 72.4545454545 160.9 0
      vertex 67.7272727273 160.9 0
    endloop
  endfacet
  facet normal -0 0 1
    outer loop
      vertex 67.7272727273 160.9 0
      vertex 72.4545454545 160.9 0
      vertex 72.4545454545 165.6 0
    endloop
  endfacet
  facet normal 0 -0 1
    outer loop
      vertex 67.7272727273 160.9 0
      vertex 72.4545454545 165.6 0
      vertex 67.7272727273 165.6 0
    endloop
  endfacet
  facet normal 0 0 1
    outer loop
      vertex 67.7272727273 165.6 0
      vertex 72.4545454545 165.6 0
      vertex 72.4545454545 170.3 0
    endloop
  endfacet
  facet normal 0 0 1
    outer loop
      vertex 67.7272727273 165.6 0
      vertex 72.4545454545 170.3 0
      vertex 67.7272727273 170.3 0
    endloop
  endfacet
  facet normal 0 0 1
    outer loop
      vertex 67.7272727273 170.3 0
      vertex 72.4545454545 170.3 0
      vertex 72.4545454545 175 0
    endloop
  endfacet
  facet normal 0 0 1
    outer loop
      vertex 67.7272727273 170.3 0
      vertex 72.4545454545 175 0
      vertex 67.7272727273 175 0
    endloop
  endfacet
  facet normal 0 0 1
    outer loop
      vertex 72.4545454545 128 0
      vertex 77.1818181818 128 0
      vertex 77.1818181818 132.7 0
    endloop
  endfacet
  facet normal 0 0 1
    outer loop
      vertex 72.4545454545 128 0
      vertex 77.1818181818 132.7 0
      vertex 72.4545454545 132.7 0
    endloop
  endfacet
  facet normal 0 0 1
    outer loop
      vertex 72.4545454545 132.7 0
      vertex 77.1818181818 132.7 0
      vertex 77.1818181818 137.4 0
    endloop
  endfacet
  facet normal 0 0 1
    outer loop
      vertex 72.4545454545 132.7 0
      vertex 77.1818181818 137.4 0
      vertex 72.4545454545 137.4 0
    endloop
  endfacet
  facet normal 0 0 1
    outer loop
      vertex 72.4545454545 137.4 0
      vertex 77.1818181818 137.4 0
      vertex 77.1818181818 142.1 0
    endloop
  endfacet
  facet normal 0 -0 1
    outer loop
      vertex 72.4545454545 137.4 0
      vertex 77.1818181818 142.1 0
      vertex 72.4545454545 142.1 0
    endloop
  endfacet
  facet normal 0 0 1
    outer loop
      vertex 72.4545454545 142.1 0
      vertex 77.1818181818 142.1 0
      vertex 77.1818181818 146.8 0
    endloop
  endfacet
  facet normal 0 0 1
    outer loop
      vertex 72.4545454545 142.1 0
      vertex 77.1818181818 146.8 0
      vertex 72.4545454545 146.8 0
    endloop
  endfacet
  facet normal 0 0 1
    outer loop
      vertex 72.4545454545 146.8 0
      vertex 77.1818181818 146.8 0
      vertex 77.1818181818 151.5 0
    endloop
  endfacet
  facet normal 0 0 1
    outer loop
      vertex 72.4545454545 146.8 0
      vertex 77.1818181818 151.5 0
      vertex 72.4545454545 151.5 0
    endloop
  endfacet
  facet normal 0 0 1
    outer loop
      vertex 72.4545454545 151.5 0
      vertex 77.1818181818 151.5 0
      vertex 77.1818181818 156.2 0
    endloop
  endfacet
  facet normal 0 0 1
    outer loop
      vertex 72.4545454545 151.5 0
      vertex 77.1818181818 156.2 0
      vertex 72.4545454545 156.2 0
    endloop
  endfacet
  facet normal 0 0 1
    outer loop
      vertex 72.4545454545 156.2 0
      vertex 77.1818181818 156.2 0
      vertex 77.1818181818 160.9 0
    endloop
  endfacet
  facet normal 0 0 1
    outer loop
      vertex 72.4545454545 156.2 0
      vertex 77.1818181818 160.9 0
      vertex 72.4545454545 160.9 0
    endloop
  endfacet
  facet normal 0 0 1
    outer loop
      vertex 72.4545454545 160.9 0
      vertex 77.1818181818 160.9 0
      vertex 77.1818181818 165.6 0
    endloop
  endfacet
  facet normal 0 0 1
    outer loop
      vertex 72.4545454545 160.9 0
      vertex 77.1818181818 165.6 0
      vertex 72.4545454545 165.6 0
    endloop
  endfacet
  facet normal 0 0 1
    outer loop
      vertex 72.4545454545 165.6 0
      vertex 77.1818181818 165.6 0
      vertex 77.1818181818 170.3 0
    endloop
  endfacet
  facet normal 0 0 1
    outer loop
      vertex 72.4545454545 165.6 0
      vertex 77.1818181818 170.3 0
      vertex 72.4545454545 170.3 0
    endloop
  endfacet
  facet normal 0 0 1
    outer loop
      vertex 72.4545454545 170.3 0
      vertex 77.1818181818 170.3 0
      vertex 77.1818181818 175 0
    endloop
  endfacet
  facet normal 0 0 1
    outer loop
      vertex 72.4545454545 170.3 0
      vertex 77.1818181818 175 0
      vertex 72.4545454545 175 0
    endloop
  endfacet
  facet normal 0 0 1
    outer loop
      vertex 77.1818181818 128 0
      vertex 81.9090909091 128 0
      vertex 81.9090909091 132.7 0
    endloop
  endfacet
  facet normal 0 0 1
    outer loop
      vertex 77.1818181818 128 0
      vertex 81.9090909091 132.7 0
      vertex 77.1818181818 132.7 0
    endloop
  endfacet
  facet normal 0 0 1
    outer loop
      vertex 77.1818181818 132.7 0
      vertex 81.9090909091 132.7 0
      vertex 81.9090909091 137.4 0
    endloop
  endfacet
  facet normal 0 0 1
    outer loop
      vertex 77.1818181818 132.7 0
      vertex 81.9090909091 137.4 0
      vertex 77.1818181818 137.4 0
    endloop
  endfacet
  facet normal 0 0 1
    outer loop
      vertex 77.1818181818 137.4 0
      vertex 81.9090909091 137.4 0
      vertex 81.9090909091 142.1 0
    endloop
  endfacet
  facet normal 0 -0 1
    outer loop
      vertex 77.1818181818 137.4 0
      vertex 81.9090909091 142.1 0
      vertex 77.1818181818 142.1 0
    endloop
  endfacet
  facet normal 0 0 1
    outer loop
      vertex 77.1818181818 142.1 0
      vertex 81.9090909091 142.1 0
      vertex 81.9090909091 146.8 0
    endloop
  endfacet
  facet normal 0 0 1
    outer loop
      vertex 77.1818181818 142.1 0
      vertex 81.9090909091 146.8 0
      vertex 77.1818181818 146.8 0
    endloop
  endfacet
  facet normal 0 0 1
    outer loop
      vertex 77.1818181818 146.8 0
      vertex 81.9090909091 146.8 0
      vertex 81.9090909091 151.5 0
    endloop
  endfacet
  facet normal 0 0 1
    outer loop
      vertex 77.1818181818 146.8 0
      vertex 81.9090909091 151.5 0
      vertex 77.1818181818 151.5 0
    endloop
  endfacet
  facet normal 0 0 1
    outer loop
      vertex 77.1818181818 151.5 0
      vertex 81.9090909091 151.5 0
      vertex 81.9090909091 156.2 0
    endloop
  endfacet
  facet normal 0 -0 1
    outer loop
      vertex 77.1818181818 151.5 0
      vertex 81.9090909091 156.2 0
      vertex 77.1818181818 156.2 0
    endloop
  endfacet
  facet normal 0 0 1
    outer loop
      vertex 77.1818181818 156.2 0
      vertex 81.9090909091 156.2 0
      vertex 81.9090909091 160.9 0
    endloop
  endfacet
  facet normal 0 0 1
    outer loop
      vertex 77.1818181818 156.2 0
      vertex 81.9090909091 160.9 0
      vertex 77.1818181818 160.9 0
    endloop
  endfacet
  facet normal 0 0 1
    outer loop
      vertex 77.1818181818 160.9 0
      vertex 81.9090909091 160.9 0
      vertex 81.9090909091 165.6 0
    endloop
  endfacet
  facet normal 0 0 1
    outer loop
      vertex 77.1818181818 160.9 0
      vertex 81.9090909091 165.6 0
      vertex 77.1818181818 165.6 0
    endloop
  endfacet
  facet normal 0 0 1
    outer loop
      vertex 77.1818181818 165.6 0
      vertex 81.9090909091 165.6 0
      vertex 81.9090909091 170.3 0
    endloop
  endfacet
  facet normal 0 0 1
    outer loop
      vertex 77.1818181818 165.6 0
      vertex 81.9090909091 170.3 0
      vertex 77.1818181818 170.3 0
    endloop
  endfacet
  facet normal 0 0 1
    outer loop
      vertex 77.1818181818 170.3 0
      vertex 81.9090909091 170.3 0
      vertex 81.9090909091 175 0
    endloop
  endfacet
  facet normal 0 0 1
    outer loop
      vertex 77.1818181818 170.3 0
      vertex 81.9090909091 175 0
      vertex 77.1818181818 175 0
    endloop
  endfacet
  facet normal 0 0 1
    outer loop
      vertex 81.9090909091 128 0
      vertex 86.6363636364 128 0
      vertex 86.6363636364 132.7 0
    endloop
  endfacet
  facet normal 0 0 1
    outer loop
      vertex 81.9090909091 128 0
      vertex 86.6363636364 132.7 0
      vertex 81.9090909091 132.7 0
    endloop
  endfacet
  facet normal 0 0 1
    outer loop
      vertex 81.9090909091 132.7 0
      vertex 86.6363636364 132.7 0
      vertex 86.6363636364 137.4 0
    endloop
  endfacet
  facet normal 0 -0 1
    outer loop
      vertex 81.9090909091 132.7 0
      vertex 86.6363636364 137.4 0
      vertex 81.9090909091 137.4 0
    endloop
  endfacet
  facet normal 0 0 1
    outer loop
      vertex 81.9090909091 137.4 0
      vertex 86.6363636364 137.4 0
      vertex 86.6363636364 142.1 0
    endloop
  endfacet
  facet normal 0 0 1
    outer loop
      vertex 81.9090909091 137.4 0
      vertex 86.6363636364 142.1 0
      vertex 81.9090909091 142.1 0
    endloop
  endfacet
  facet normal 0 0 1
    outer loop
      vertex 81.9090909091 142.1 0
      vertex 86.6363636364 142.1 0
      vertex 86.6363636364 146.8 0
    endloop
  endfacet
  facet normal 0 0 1
    outer loop
      vertex 81.9090909091 142.1 0
      vertex 86.6363636364 146.8 0
      vertex 81.9090909091 146.8 0
    endloop
  endfacet
  facet normal -0 0 1
    outer loop
      vertex 81.9090909091 146.8 0
      vertex 86.6363636364 146.8 0
      vertex 86.6363636364 151.5 0
    endloop
  endfacet
  facet normal 0 0 1
    outer loop
      vertex 81.9090909091 146.8 0
      vertex 86.6363636364 151.5 0
      vertex 81.9090909091 151.5 0
    endloop
  endfacet
  facet normal 0 0 1
    outer loop
      vertex 81.9090909091 151.5 0
      vertex 86.6363636364 151.5 0
      vertex 86.6363636364 156.2 0
    endloop
  endfacet
  facet normal 0 0 1
    outer loop
      vertex 81.9090909091 151.5 0
      vertex 86.6363636364 156.2 0
      vertex 81.9090909091 156.2 0
    endloop
  endfacet
  facet normal 0 0 1
    outer loop
      vertex 81.9090909091 156.2 0
      vertex 86.6363636364 156.2 0
      vertex 86.6363636364 160.9 0
    endloop
  endfacet
  facet normal 0 0 1
    outer loop
      vertex 81.9090909091 156.2 0
      vertex 86.6363636364 160.9 0
      vertex 81.9090909091 160.9 0
    endloop
  endfacet
  facet normal 0 0 1
    outer loop
      vertex 81.9090909091 160.9 0
      vertex 86.6363636364 160.9 0
      vertex 86.6363636364 165.6 0
    endloop
  endfacet
  facet normal 0 0 1
    outer loop
      vertex 81.9090909091 160.9 0
      vertex 86.6363636364 165.6 0
      vertex 81.9090909091 165.6 0
    endloop
  endfacet
  facet normal -0 0 1
    outer loop
      vertex 81.9090909091 165.6 0
      vertex 86.6363636364 165.6 0
      vertex 86.6363636364 170.3 0
    endloop
  endfacet
  facet normal 0 0 1
    outer loop
      vertex 81.9090909091 165.6 0
      vertex 86.6363636364 170.3 0
      vertex 81.9090909091 170.3 0
    endloop
  endfacet
  facet normal -0 0 1
    outer loop
      vertex 81.9090909091 170.3 0
      vertex 86.6363636364 170.3 0
      vertex 86.6363636364 175 0
    endloop
  endfacet
  facet normal 0 0 1
    outer loop
      vertex 81.9090909091 170.3 0
      vertex 86.6363636364 175 0
      vertex 81.9090909091 175 0
    endloop
  endfacet
  facet normal 0 0 1
    outer loop
      vertex 86.6363636364 128 0
      vertex 91.3636363636 128 0
      vertex 91.3636363636 132.7 0
    endloop
  endfacet
  facet normal 0 0 1
    outer loop
      vertex 86.6363636364 128 0
      vertex 91.3636363636 132.7 0
      vertex 86.6363636364 132.7 0
    endloop
  endfacet
  facet normal 0 0 1
    outer loop
      vertex 86.6363636364 132.7 0
      vertex 91.3636363636 132.7 0
      vertex 91.3636363636 137.4 0
    endloop
  endfacet
  facet normal 0 0 1
    outer loop
      vertex 86.6363636364 132.7 0
      vertex 91.3636363636 137.4 0
      vertex 86.6363636364 137.4 0
    endloop
  endfacet
  facet normal 0 0 1
    outer loop
      vertex 86.6363636364 137.4 0
      vertex 91.3636363636 137.4 0
      vertex 91.3636363636 142.1 0
    endloop
  endfacet
  facet normal 0 -0 1
    outer loop
      vertex 86.6363636364 137.4 0
      vertex 91.3636363636 142.1 0
      vertex 86.6363636364 142.1 0
    endloop
  endfacet
  facet normal 0 0 1
    outer loop
      vertex 86.6363636364 142.1 0
      vertex 91.3636363636 142.1 0
      vertex 91.3636363636 146.8 0
    endloop
  endfacet
  facet normal 0 0 1
    outer loop
      vertex 86.6363636364 142.1 0
      vertex 91.3636363636 146.8 0
      vertex 86.6363636364 146.8 0
    endloop
  endfacet
  facet normal 0 0 1
    outer loop
      vertex 86.6363636364 146.8 0
      vertex 91.3636363636 146.8 0
      vertex 91.3636363636 151.5 0
    endloop
  endfacet
  facet normal 0 0 1
    outer loop
      vertex 86.6363636364 146.8 0
      vertex 91.3636363636 151.5 0
      vertex 86.6363636364 151.5 0
    endloop
  endfacet
  facet normal 0 0 1
    outer loop
      vertex 86.6363636364 151.5 0
      vertex 91.3636363636 151.5 0
      vertex 91.3636363636 156.2 0
    endloop
  endfacet
  facet normal 0 0 1
    outer loop
      vertex 86.6363636364 151.5 0
      vertex 91.3636363636 156.2 0
      vertex 86.6363636364 156.2 0
    endloop
  endfacet
  facet normal 0 0 1
    outer loop
      vertex 86.6363636364 156.2 0
      vertex 91.3636363636 156.2 0
      vertex 91.3636363636 160.9 0
    endloop
  endfacet
  facet normal 0 0 1
    outer loop
      vertex 86.6363636364 156.2 0
      vertex 91.3636363636 160.9 0
      vertex 86.6363636364 160.9 0
    endloop
  endfacet
  facet normal 0 0 1
    outer loop
      vertex 86.6363636364 160.9 0
      vertex 91.3636363636 160.9 0
      vertex 91.3636363636 165.6 0
    endloop
  endfacet
  facet normal 0 -0 1
    outer loop
      vertex 86.6363636364 160.9 0
      vertex 91.3636363636 165.6 0
      vertex 86.6363636364 165.6 0
    endloop
  endfacet
  facet normal 0 0 1
    outer loop
      vertex 86.6363636364 165.6 0
      vertex 91.3636363636 165.6 0
      vertex 91.3636363636 170.3 0
    endloop
  endfacet
  facet normal 0 0 1
    outer loop
      vertex 86.6363636364 165.6 0
      vertex 91.3636363636 170.3 0
      vertex 86.6363636364 170.3 0
    endloop
  endfacet
  facet normal 0 0 1
    outer loop
      vertex 86.6363636364 170.3 0
      vertex 91.3636363636 170.3 0
      vertex 91.3636363636 175 0
    endloop
  endfacet
  facet normal 0 0 1
    outer loop
      vertex 86.6363636364 170.3 0
      vertex 91.3636363636 175 0
      vertex 86.6363636364 175 0
    endloop
  endfacet
  facet normal 0 0 1
    outer loop
      vertex 91.3636363636 128 0
      vertex 96.0909090909 128 0
      vertex 96.0909090909 132.7 0
    endloop
  endfacet
  facet normal 0 -0 1
    outer loop
      vertex 91.3636363636 128 0
      vertex 96.0909090909 132.7 0
      vertex 91.3636363636 132.7 0
    endloop
  endfacet
  facet normal 0 0 1
    outer loop
      vertex 91.3636363636 132.7 0
      vertex 96.0909090909 132.7 0
      vertex 96.0909090909 137.4 0
    endloop
  endfacet
  facet normal 0 0 1
    outer loop
      vertex 91.3636363636 132.7 0
      vertex 96.0909090909 137.4 0
      vertex 91.3636363636 137.4 0
    endloop
  endfacet
  facet normal 0 0 1
    outer loop
      vertex 91.3636363636 137.4 0
      vertex 96.0909090909 137.4 0
      vertex 96.0909090909 142.1 0
    endloop
  endfacet
  facet normal 0 -0 1
    outer loop
      vertex 91.3636363636 137.4 0
      vertex 96.0909090909 142.1 0
      vertex 91.3636363636 142.1 0
    endloop
  endfacet
  facet normal 0 0 1
    outer loop
      vertex 91.3636363636 142.1 0
      vertex 96.0909090909 142.1 0
      vertex 96.0909090909 146.8 0
    endloop
  endfacet
  facet normal 0 0 1
    outer loop
      vertex 91.3636363636 142.1 0
      vertex 96.0909090909 146.8 0
      vertex 91.3636363636 146.8 0
    endloop
  endfacet
  facet normal 0 0 1
    outer loop
      vertex 91.3636363636 146.8 0
      vertex 96.0909090909 146.8 0
      vertex 96.0909090909 151.5 0
    endloop
  endfacet
  facet normal 0 -0 1
    outer loop
      vertex 91.3636363636 146.8 0
      vertex 96.0909090909 151.5 0
      vertex 91.3636363636 151.5 0
    endloop
  endfacet
  facet normal 0 0 1
    outer loop
      vertex 91.3636363636 151.5 0
      vertex 96.0909090909 151.5 0
      vertex 96.0909090909 156.2 0
    endloop
  endfacet
  facet normal 0 0 1
    outer loop
      vertex 91.3636363636 151.5 0
      vertex 96.0909090909 156.2 0
      vertex 91.3636363636 156.2 0
    endloop
  endfacet
  facet normal 0 0 1
    outer loop
      vertex 91.3636363636 156.2 0
      vertex 96.0909090909 156.2 0
      vertex 96.0909090909 160.9 0
    endloop
  endfacet
  facet normal 0 -0 1
    outer loop
      vertex 91.3636363636 156.2 0
      vertex 96.0909090909 160.9 0
      vertex 91.3636363636 160.9 0
    endloop
  endfacet
  facet normal 0 0 1
    outer loop
      vertex 91.3636363636 160.9 0
      vertex 96.0909090909 160.9 0
      vertex 96.0909090909 165.6 0
    endloop
  endfacet
  facet normal 0 -0 1
    outer loop
      vertex 91.3636363636 160.9 0
      vertex 96.0909090909 165.6 0
      vertex 91.3636363636 165.6 0
    endloop
  endfacet
  facet normal 0 0 1
    outer loop
      vertex 91.3636363636 165.6 0
      vertex 96.0909090909 165.6 0
      vertex 96.0909090909 170.3 0
    endloop
  endfacet
  facet normal 0 0 1
    outer loop
      vertex 91.3636363636 165.6 0
      vertex 96.0909090909 170.3 0
      vertex 91.3636363636 170.3 0
    endloop
  endfacet
  facet normal 0 0 1
    outer loop
      vertex 91.3636363636 170.3 0
      vertex 96.0909090909 170.3 0
      vertex 96.0909090909 175 0
    endloop
  endfacet
  facet normal 0 -0 1
    outer loop
      vertex 91.3636363636 170.3 0
      vertex 96.0909090909 175 0
      vertex 91.3636363636 175 0
    endloop
  endfacet
  facet normal 0 0 1
    outer loop
      vertex 96.0909090909 128 0
      vertex 100.818181818 128 0
      vertex 100.818181818 132.7 0
    endloop
  endfacet
  facet normal 0 -0 1
    outer loop
      vertex 96.0909090909 128 0
      vertex 100.818181818 132.7 0
      vertex 96.0909090909 132.7 0
    endloop
  endfacet
  facet normal 0 0 1
    outer loop
      vertex 96.0909090909 132.7 0
      vertex 100.818181818 132.7 0
      vertex 100.818181818 137.4 0
    endloop
  endfacet
  facet normal 0 0 1
    outer loop
      vertex 96.0909090909 132.7 0
      vertex 100.818181818 137.4 0
      vertex 96.0909090909 137.4 0
    endloop
  endfacet
  facet normal 0 0 1
    outer loop
      vertex 96.0909090909 137.4 0
      vertex 100.818181818 137.4 0
      vertex 100.818181818 142.1 0
    endloop
  endfacet
  facet normal 0 -0 1
    outer loop
      vertex 96.0909090909 137.4 0
      vertex 100.818181818 142.1 0
      vertex 96.0909090909 142.1 0
    endloop
  endfacet
  facet normal 0 0 1
    outer loop
      vertex 96.0909090909 142.1 0
      vertex 100.818181818 142.1 0
      vertex 100.818181818 146.8 0
    endloop
  endfacet
  facet normal 0 0 1
    outer loop
      vertex 96.0909090909 142.1 0
      vertex 100.818181818 146.8 0
      vertex 96.0909090909 146.8 0
    endloop
  endfacet
  facet normal 0 0 1
    outer loop
      vertex 96.0909090909 146.8 0
      vertex 100.818181818 146.8 0
      vertex 100.818181818 151.5 0
    endloop
  endfacet
  facet normal 0 0 1
    outer loop
      vertex 96.0909090909 146.8 0
      vertex 100.818181818 151.5 0
      vertex 96.0909090909 151.5 0
    endloop
  endfacet
  facet normal 0 0 1
    outer loop
      vertex 96.0909090909 151.5 0
      vertex 100.818181818 151.5 0
      vertex 100.818181818 156.2 0
    endloop
  endfacet
  facet normal 0 0 1
    outer loop
      vertex 96.0909090909 151.5 0
      vertex 100.818181818 156.2 0
      vertex 96.0909090909 156.2 0
    endloop
  endfacet
  facet normal 0 0 1
    outer loop
      vertex 96.0909090909 156.2 0
      vertex 100.818181818 156.2 0
      vertex 100.818181818 160.9 0
    endloop
  endfacet
  facet normal 0 0 1
    outer loop
      vertex 96.0909090909 156.2 0
      vertex 100.818181818 160.9 0
      vertex 96.0909090909 160.9 0
    endloop
  endfacet
  facet normal -0 0 1
    outer loop
      vertex 96.0909090909 160.9 0
      vertex 100.818181818 160.9 0
      vertex 100.818181818 165.6 0
    endloop
  endfacet
  facet normal 0 0 1
    outer loop
      vertex 96.0909090909 160.9 0
      vertex 100.818181818 165.6 0
      vertex 96.0909090909 165.6 0
    endloop
  endfacet
  facet normal -0 0 1
    outer loop
      vertex 96.0909090909 165.6 0
      vertex 100.818181818 165.6 0
      vertex 100.818181818 170.3 0
    endloop
  endfacet
  facet normal 0 0 1
    outer loop
      vertex 96.0909090909 165.6 0
      vertex 100.818181818 170.3 0
      vertex 96.0909090909 170.3 0
    endloop
  endfacet
  facet normal 0 0 1
    outer loop
      vertex 96.0909090909 170.3 0
      vertex 100.818181818 170.3 0
      vertex 100.818181818 175 0
    endloop
  endfacet
  facet normal 0 0 1
    outer loop
      vertex 96.0909090909 170.3 0
      vertex 100.818181818 175 0
      vertex 96.0909090909 175 0
    endloop
  endfacet
  facet normal 0 0 1
    outer loop
      vertex 100.818181818 128 0
      vertex 105.545454545 128 0
      vertex 105.545454545 132.7 0
    endloop
  endfacet
  facet normal 0 0 1
    outer loop
      vertex 100.818181818 128 0
      vertex 105.545454545 132.7 0
      vertex 100.818181818 132.7 0
    endloop
  endfacet
  facet normal 0 0 1
    outer loop
      vertex 100.818181818 132.7 0
      vertex 105.545454545 132.7 0
      vertex 105.545454545 137.4 0
    endloop
  endfacet
  facet normal 0 0 1
    outer loop
      vertex 100.818181818 132.7 0
      vertex 105.545454545 137.4 0
      vertex 100.818181818 137.4 0
    endloop
  endfacet
  facet normal 0 0 1
    outer loop
      vertex 100.818181818 137.4 0
      vertex 105.545454545 137.4 0
      vertex 105.545454545 142.1 0
    endloop
  endfacet
  facet normal 0 -0 1
    outer loop
      vertex 100.818181818 137.4 0
      vertex 105.545454545 142.1 0
      vertex 100.818181818 142.1 0
    endloop
  endfacet
  facet normal 0 0 1
    outer loop
      vertex 100.818181818 142.1 0
      vertex 105.545454545 142.1 0
      vertex 105.545454545 146.8 0
    endloop
  endfacet
  facet normal 0 0 1
    outer loop
      vertex 100.818181818 142.1 0
      vertex 105.545454545 146.8 0
      vertex 100.818181818 146.8 0
    endloop
  endfacet
  facet normal -0 0 1
    outer loop
      vertex 100.818181818 146.8 0
      vertex 105.545454545 146.8 0
      vertex 105.545454545 151.5 0
    endloop
  endfacet
  facet normal 0 0 1
    outer loop
      vertex 100.818181818 146.8 0
      vertex 105.545454545 151.5 0
      vertex 100.818181818 151.5 0
    endloop
  endfacet
  facet normal 0 0 1
    outer loop
      vertex 100.818181818 151.5 0
      vertex 105.545454545 151.5 0
      vertex 105.545454545 156.2 0
    endloop
  endfacet
  facet normal 0 0 1
    outer loop
      vertex 100.818181818 151.5 0
      vertex 105.545454545 156.2 0
      vertex 100.818181818 156.2 0
    endloop
  endfacet
  facet normal 0 0 1
    outer loop
      vertex 100.818181818 156.2 0
      vertex 105.545454545 156.2 0
      vertex 105.545454545 160.9 0
    endloop
  endfacet
  facet normal 0 -0 1
    outer loop
      vertex 100.818181818 156.2 0
      vertex 105.545454545 160.9 0
      vertex 100.818181818 160.9 0
    endloop
  endfacet
  facet normal 0 0 1
    outer loop
      vertex 100.818181818 160.9 0
      vertex 105.545454545 160.9 0
      vertex 105.545454545 165.6 0
    endloop
  endfacet
  facet normal 0 0 1
    outer loop
      vertex 100.818181818 160.9 0
      vertex 105.545454545 165.6 0
      vertex 100.818181818 165.6 0
    endloop
  endfacet
  facet normal 0 0 1
    outer loop
      vertex 100.818181818 165.6 0
      vertex 105.545454545 165.6 0
      vertex 105.545454545 170.3 0
    endloop
  endfacet
  facet normal 0 -0 1
    outer loop
      vertex 100.818181818 165.6 0
      vertex 105.545454545 170.3 0
      vertex 100.818181818 170.3 0
    endloop
  endfacet
  facet normal 0 0 1
    outer loop
      vertex 100.818181818 170.3 0
      vertex 105.545454545 170.3 0
      vertex 105.545454545 175 0
    endloop
  endfacet
  facet normal 0 0 1
    outer loop
      vertex 100.818181818 170.3 0
      vertex 105.545454545 175 0
      vertex 100.818181818 175 0
    endloop
  endfacet
  facet normal 0 0 1
    outer loop
      vertex 105.545454545 128 0
      vertex 110.272727273 128 0
      vertex 110.272727273 132.7 0
    endloop
  endfacet
  facet normal 0 0 1
    outer loop
      vertex 105.545454545 128 0
      vertex 110.272727273 132.7 0
      vertex 105.545454545 132.7 0
    endloop
  endfacet
  facet normal -0 0 1
    outer loop
      vertex 105.545454545 132.7 0
      vertex 110.272727273 132.7 0
      vertex 110.272727273 137.4 0
    endloop
  endfacet
  facet normal 0 0 1
    outer loop
      vertex 105.545454545 132.7 0
      vertex 110.272727273 137.4 0
      vertex 105.545454545 137.4 0
    endloop
  endfacet
  facet normal -0 0 1
    outer loop
      vertex 105.545454545 137.4 0
      vertex 110.272727273 137.4 0
      vertex 110.272727273 142.1 0
    endloop
  endfacet
  facet normal 0 -0 1
    outer loop
      vertex 105.545454545 137.4 0
      vertex 110.272727273 142.1 0
      vertex 105.545454545 142.1 0
    endloop
  endfacet
  facet normal 0 0 1
    outer loop
      vertex 105.545454545 142.1 0
      vertex 110.272727273 142.1 0
      vertex 110.272727273 146.8 0
    endloop
  endfacet
  facet normal 0 0 1
    outer loop
      vertex 105.545454545 142.1 0
      vertex 110.272727273 146.8 0
      vertex 105.545454545 146.8 0
    endloop
  endfacet
  facet normal 0 0 1
    outer loop
      vertex 105.545454545 146.8 0
      vertex 110.272727273 146.8 0
      vertex 110.272727273 151.5 0
    endloop
  endfacet
  facet normal 0 -0 1
    outer loop
      vertex 105.545454545 146.8 0
      vertex 110.272727273 151.5 0
      vertex 105.545454545 151.5 0
    endloop
  endfacet
  facet normal 0 0 1
    outer loop
      vertex 105.545454545 151.5 0
      vertex 110.272727273 151.5 0
      vertex 110.272727273 156.2 0
    endloop
  endfacet
  facet normal 0 0 1
    outer loop
      vertex 105.545454545 151.5 0
      vertex 110.272727273 156.2 0
      vertex 105.545454545 156.2 0
    endloop
  endfacet
  facet normal 0 0 1
    outer loop
      vertex 105.545454545 156.2 0
      vertex 110.272727273 156.2 0
      vertex 110.272727273 160.9 0
    endloop
  endfacet
  facet normal 0 0 1
    outer loop
      vertex 105.545454545 156.2 0
      vertex 110.272727273 160.9 0
      vertex 105.545454545 160.9 0
    endloop
  endfacet
  facet normal 0 0 1
    outer loop
      vertex 105.545454545 160.9 0
      vertex 110.272727273 160.9 0
      vertex 110.272727273 165.6 0
    endloop
  endfacet
  facet normal 0 0 1
    outer loop
      vertex 105.545454545 160.9 0
      vertex 110.272727273 165.6 0
      vertex 105.545454545 165.6 0
    endloop
  endfacet
  facet normal 0 0 1
    outer loop
      vertex 105.545454545 165.6 0
      vertex 110.272727273 165.6 0
      vertex 110.272727273 170.3 0
    endloop
  endfacet
  facet normal 0 0 1
    outer loop
      vertex 105.545454545 165.6 0
      vertex 110.272727273 170.3 0
      vertex 105.545454545 170.3 0
    endloop
  endfacet
  facet normal -0 0 1
    outer loop
      vertex 105.545454545 170.3 0
      vertex 110.272727273 170.3 0
      vertex 110.272727273 175 0
    endloop
  endfacet
  facet normal 0 0 1
    outer loop
      vertex 105.545454545 170.3 0
      vertex 110.272727273 175 0
      vertex 105.545454545 175 0
    endloop
  endfacet
  facet normal 0 0 1
    outer loop
      vertex 110.272727273 128 0
      vertex 115 128 0
      vertex 115 132.7 0
    endloop
  endfacet
  facet normal 0 -0 1
    outer loop
      vertex 110.272727273 128 0
      vertex 115 132.7 0
      vertex 110.272727273 132.7 0
    endloop
  endfacet
  facet normal 0 0 1
    outer loop
      vertex 110.272727273 132.7 0
      vertex 115 132.7 0
      vertex 115 137.4 0
    endloop
  endfacet
  facet normal 0 0 1
    outer loop
      vertex 110.272727273 132.7 0
      vertex 115 137.4 0
      vertex 110.272727273 137.4 0
    endloop
  endfacet
  facet normal 0 0 1
    outer loop
      vertex 110.272727273 137.4 0
      vertex 115 137.4 0
      vertex 115 142.1 0
    endloop
  endfacet
  facet normal 0 0 1
    outer loop
      vertex 110.272727273 137.4 0
      vertex 115 142.1 0
      vertex 110.272727273 142.1 0
    endloop
  endfacet
  facet normal 0 0 1
    outer loop
      vertex 110.272727273 142.1 0
      vertex 115 142.1 0
      vertex 115 146.8 0
    endloop
  endfacet
  facet normal 0 -0 1
    outer loop
      vertex 110.272727273 142.1 0
      vertex 115 146.8 0
      vertex 110.272727273 146.8 0
    endloop
  endfacet
  facet normal 0 0 1
    outer loop
      vertex 110.272727273 146.8 0
      vertex 115 146.8 0
      vertex 115 151.5 0
    endloop
  endfacet
  facet normal 0 0 1
    outer loop
      vertex 110.272727273 146.8 0
      vertex 115 151.5 0
      vertex 110.272727273 151.5 0
    endloop
  endfacet
  facet normal -0 0 1
    outer loop
      vertex 110.272727273 151.5 0
      vertex 115 151.5 0
      vertex 115 156.2 0
    endloop
  endfacet
  facet normal 0 0 1
    outer loop
      vertex 110.272727273 151.5 0
      vertex 115 156.2 0
      vertex 110.272727273 156.2 0
    endloop
  endfacet
  facet normal -0 0 1
    outer loop
      vertex 110.272727273 156.2 0
      vertex 115 156.2 0
      vertex 115 160.9 0
    endloop
  endfacet
  facet normal 0 0 1
    outer loop
      vertex 110.272727273 156.2 0
      vertex 115 160.9 0
      vertex 110.272727273 160.9 0
    endloop
  endfacet
  facet normal 0 0 1
    outer loop
      vertex 110.272727273 160.9 0
      vertex 115 160.9 0
      vertex 115 165.6 0
    endloop
  endfacet
  facet normal 0 -0 1
    outer loop
      vertex 110.272727273 160.9 0
      vertex 115 165.6 0
      vertex 110.272727273 165.6 0
    endloop
  endfacet
  facet normal 0 0 1
    outer loop
      vertex 110.272727273 165.6 0
      vertex 115 165.6 0
      vertex 115 170.3 0
    endloop
  endfacet
  facet normal 0 -0 1
    outer loop
      vertex 110.272727273 165.6 0
      vertex 115 170.3 0
      vertex 110.272727273 170.3 0
    endloop
  endfacet
  facet normal 0 0 1
    outer loop
      vertex 110.272727273 170.3 0
      vertex 115 170.3 0
      vertex 115 175 0
    endloop
  endfacet
  facet normal 0 0 1
    outer loop
      vertex 110.272727273 170.3 0
      vertex 115 175 0
      vertex 110.272727273 175 0
    endloop
  endfacet
  facet normal 0 0 1
    outer loop
      vertex 123 128 0
      vertex 127.666666667 128 0
      vertex 127.666666667 132.7 0
    endloop
  endfacet
  facet normal 0 0 1
    outer loop
      vertex 123 128 0
      vertex 127.666666667 132.7 0
      vertex 123 132.7 0
    endloop
  endfacet
  facet normal 0 0 1
    outer loop
      vertex 123 132.7 0
      vertex 127.666666667 132.7 0
      vertex 127.666666667 137.4 0
    endloop
  endfacet
  facet normal 0 0 1
    outer loop
      vertex 123 132.7 0
      vertex 127.666666667 137.4 0
      vertex 123 137.4 0
    endloop
  endfacet
  facet normal 0 0 1
    outer loop
      vertex 123 137.4 0
      vertex 127.666666667 137.4 0
      vertex 127.666666667 142.1 0
    endloop
  endfacet
  facet normal 0 0 1
    outer loop
      vertex 123 137.4 0
      vertex 127.666666667 142.1 0
      vertex 123 142.1 0
    endloop
  endfacet
  facet normal -0 0 1
    outer loop
      vertex 123 142.1 0
      vertex 127.666666667 142.1 0
      vertex 127.666666667 146.8 0
    endloop
  endfacet
  facet normal 0 0 1
    outer loop
      vertex 123 142.1 0
      vertex 127.666666667 146.8 0
      vertex 123 146.8 0
    endloop
  endfacet
  facet normal -0 0 1
    outer loop
      vertex 123 146.8 0
      vertex 127.666666667 146.8 0
      vertex 127.666666667 151.5 0
    endloop
  endfacet
  facet normal 0 0 1
    outer loop
      vertex 123 146.8 0
      vertex 127.666666667 151.5 0
      vertex 123 151.5 0
    endloop
  endfacet
  facet normal 0 0 1
    outer loop
      vertex 123 151.5 0
      vertex 127.666666667 151.5 0
      vertex 127.666666667 156.2 0
    endloop
  endfacet
  facet normal 0 0 1
    outer loop
      vertex 123 151.5 0
      vertex 127.666666667 156.2 0
      vertex 123 156.2 0
    endloop
  endfacet
  facet normal 0 0 1
    outer loop
      vertex 123 156.2 0
      vertex 127.666666667 156.2 0
      vertex 127.666666667 160.9 0
    endloop
  endfacet
  facet normal 0 0 1
    outer loop
      vertex 123 156.2 0
      vertex 127.666666667 160.9 0
      vertex 123 160.9 0
    endloop
  endfacet
  facet normal 0 0 1
    outer loop
      vertex 123 160.9 0
      vertex 127.666666667 160.9 0
      vertex 127.666666667 165.6 0
    endloop
  endfacet
  facet normal 0 0 1
    outer loop
      vertex 123 160.9 0
      vertex 127.666666667 165.6 0
      vertex 123 165.6 0
    endloop
  endfacet
  facet normal 0 0 1
    outer loop
      vertex 123 165.6 0
      vertex 127.666666667 165.6 0
      vertex 127.666666667 170.3 0
    endloop
  endfacet
  facet normal 0 0 1
    outer loop
      vertex 123 165.6 0
      vertex 127.666666667 170.3 0
      vertex 123 170.3 0
    endloop
  endfacet
  facet normal 0 0 1
    outer loop
      vertex 123 170.3 0
      vertex 127.666666667 170.3 0
      vertex 127.666666667 175 0
    endloop
  endfacet
  facet normal 0 0 1
    outer loop
      vertex 123 170.3 0
      vertex 127.666666667 175 0
      vertex 123 175 0
    endloop
  endfacet
  facet normal 0 0 1
    outer loop
      vertex 127.666666667 128 0
      vertex 132.333333333 128 0
      vertex 132.333333333 132.7 0
    endloop
  endfacet
  facet normal 0 0 1
    outer loop
      vertex 127.666666667 128 0
      vertex 132.333333333 132.7 0
      vertex 127.666666667 132.7 0
    endloop
  endfacet
  facet normal 0 0 1
    outer loop
      vertex 127.666666667 132.7 0
      vertex 132.333333333 132.7 0
      vertex 132.333333333 137.4 0
    endloop
  endfacet
  facet normal 0 0 1
    outer loop
      vertex 127.666666667 132.7 0
      vertex 132.333333333 137.4 0
      vertex 127.666666667 137.4 0
    endloop
  endfacet
  facet normal 0 0 1
    outer loop
      vertex 127.666666667 137.4 0
      vertex 132.333333333 137.4 0
      vertex 132.333333333 142.1 0
    endloop
  endfacet
  facet normal 0 -0 1
    outer loop
      vertex 127.666666667 137.4 0
      vertex 132.333333333 142.1 0
      vertex 127.666666667 142.1 0
    endloop
  endfacet
  facet normal 0 0 1
    outer loop
      vertex 127.666666667 142.1 0
      vertex 132.333333333 142.1 0
      vertex 132.333333333 146.8 0
    endloop
  endfacet
  facet normal 0 0 1
    outer loop
      vertex 127.666666667 142.1 0
      vertex 132.333333333 146.8 0
      vertex 127.666666667 146.8 0
    endloop
  endfacet
  facet normal 0 0 1
    outer loop
      vertex 127.666666667 146.8 0
      vertex 132.333333333 146.8 0
      vertex 132.333333333 151.5 0
    endloop
  endfacet
  facet normal 0 0 1
    outer loop
      vertex 127.666666667 146.8 0
      vertex 132.333333333 151.5 0
      vertex 127.666666667 151.5 0
    endloop
  endfacet
  facet normal 0 0 1
    outer loop
      vertex 127.666666667 151.5 0
      vertex 132.333333333 151.5 0
      vertex 132.333333333 156.2 0
    endloop
  endfacet
  facet normal 0 0 1
    outer loop
      vertex 127.666666667 151.5 0
      vertex 132.333333333 156.2 0
      vertex 127.666666667 156.2 0
    endloop
  endfacet
  facet normal 0 0 1
    outer loop
      vertex 127.666666667 156.2 0
      vertex 132.333333333 156.2 0
      vertex 132.333333333 160.9 0
    endloop
  endfacet
  facet normal 0 0 1
    outer loop
      vertex 127.666666667 156.2 0
      vertex 132.333333333 160.9 0
      vertex 127.666666667 160.9 0
    endloop
  endfacet
  facet normal 0 0 1
    outer loop
      vertex 127.666666667 160.9 0
      vertex 132.333333333 160.9 0
      vertex 132.333333333 165.6 0
    endloop
  endfacet
  facet normal 0 0 1
    outer loop
      vertex 127.666666667 160.9 0
      vertex 132.333333333 165.6 0
      vertex 127.666666667 165.6 0
    endloop
  endfacet
  facet normal 0 0 1
    outer loop
      vertex 127.666666667 165.6 0
      vertex 132.333333333 165.6 0
      vertex 132.333333333 170.3 0
    endloop
  endfacet
  facet normal 0 0 1
    outer loop
      vertex 127.666666667 165.6 0
      vertex 132.333333333 170.3 0
      vertex 127.666666667 170.3 0
    endloop
  endfacet
  facet normal 0 0 1
    outer loop
      vertex 127.666666667 170.3 0
      vertex 132.333333333 170.3 0
      vertex 132.333333333 175 0
    endloop
  endfacet
  facet normal 0 0 1
    outer loop
      vertex 127.666666667 170.3 0
      vertex 132.333333333 175 0
      vertex 127.666666667 175 0
    endloop
  endfacet
  facet normal 0 0 1
    outer loop
      vertex 132.333333333 128 0
      vertex 137 128 0
      vertex 137 132.7 0
    endloop
  endfacet
  facet normal 0 0 1
    outer loop
      vertex 132.333333333 128 0
      vertex 137 132.7 0
      vertex 132.333333333 132.7 0
    endloop
  endfacet
  facet normal 0 0 1
    outer loop
      vertex 132.333333333 132.7 0
      vertex 137 132.7 0
      vertex 137 137.4 0
    endloop
  endfacet
  facet normal 0 0 1
    outer loop
      vertex 132.333333333 132.7 0
      vertex 137 137.4 0
      vertex 132.333333333 137.4 0
    endloop
  endfacet
  facet normal 0 0 1
    outer loop
      vertex 132.333333333 137.4 0
      vertex 137 137.4 0
      vertex 137 142.1 0
    endloop
  endfacet
  facet normal 0 -0 1
    outer loop
      vertex 132.333333333 137.4 0
      vertex 137 142.1 0
      vertex 132.333333333 142.1 0
    endloop
  endfacet
  facet normal 0 0 1
    outer loop
      vertex 132.333333333 142.1 0
      vertex 137 142.1 0
      vertex 137 146.8 0
    endloop
  endfacet
  facet normal 0 0 1
    outer loop
      vertex 132.333333333 142.1 0
      vertex 137 146.8 0
      vertex 132.333333333 146.8 0
    endloop
  endfacet
  facet normal 0 0 1
    outer loop
      vertex 132.333333333 146.8 0
      vertex 137 146.8 0
      vertex 137 151.5 0
    endloop
  endfacet
  facet normal 0 0 1
    outer loop
      vertex 132.333333333 146.8 0
      vertex 137 151.5 0
      vertex 132.333333333 151.5 0
    endloop
  endfacet
  facet normal 0 0 1
    outer loop
      vertex 132.333333333 151.5 0
      vertex 137 151.5 0
      vertex 137 156.2 0
    endloop
  endfacet
  facet normal 0 0 1
    outer loop
      vertex 132.333333333 151.5 0
      vertex 137 156.2 0
      vertex 132.333333333 156.2 0
    endloop
  endfacet
  facet normal 0 0 1
    outer loop
      vertex 132.333333333 156.2 0
      vertex 137 156.2 0
      vertex 137 160.9 0
    endloop
  endfacet
  facet normal 0 -0 1
    outer loop
      vertex 132.333333333 156.2 0
      vertex 137 160.9 0
      vertex 132.333333333 160.9 0
    endloop
  endfacet
  facet normal 0 0 1
    outer loop
      vertex 132.333333333 160.9 0
      vertex 137 160.9 0
      vertex 137 165.6 0
    endloop
  endfacet
  facet normal 0 0 1
    outer loop
      vertex 132.333333333 160.9 0
      vertex 137 165.6 0
      vertex 132.333333333 165.6 0
    endloop
  endfacet
  facet normal 0 0 1
    outer loop
      vertex 132.333333333 165.6 0
      vertex 137 165.6 0
      vertex 137 170.3 0
    endloop
  endfacet
  facet normal 0 0 1
    outer loop
      vertex 132.333333333 165.6 0
      vertex 137 170.3 0
      vertex 132.333333333 170.3 0
    endloop
  endfacet
  facet normal 0 0 1
    outer loop
      vertex 132.333333333 170.3 0
      vertex 137 170.3 0
      vertex 137 175 0
    endloop
  endfacet
  facet normal 0 0 1
    outer loop
      vertex 132.333333333 170.3 0
      vertex 137 175 0
      vertex 132.333333333 175 0
    endloop
  endfacet
  facet normal 0 0 1
    outer loop
      vertex 137 128 0
      vertex 141.666666667 128 0
      vertex 141.666666667 132.7 0
    endloop
  endfacet
  facet normal 0 0 1
    outer loop
      vertex 137 128 0
      vertex 141.666666667 132.7 0
      vertex 137 132.7 0
    endloop
  endfacet
  facet normal -0 0 1
    outer loop
      vertex 137 132.7 0
      vertex 141.666666667 132.7 0
      vertex 141.666666667 137.4 0
    endloop
  endfacet
  facet normal 0 0 1
    outer loop
      vertex 137 132.7 0
      vertex 141.666666667 137.4 0
      vertex 137 137.4 0
    endloop
  endfacet
  facet normal 0 0 1
    outer loop
      vertex 137 137.4 0
      vertex 141.666666667 137.4 0
      vertex 141.666666667 142.1 0
    endloop
  endfacet
  facet normal 0 0 1
    outer loop
      vertex 137 137.4 0
      vertex 141.666666667 142.1 0
      vertex 137 142.1 0
    endloop
  endfacet
  facet normal 0 0 1
    outer loop
      vertex 137 142.1 0
      vertex 141.666666667 142.1 0
      vertex 141.666666667 146.8 0
    endloop
  endfacet
  facet normal 0 0 1
    outer loop
      vertex 137 142.1 0
      vertex 141.666666667 146.8 0
      vertex 137 146.8 0
    endloop
  endfacet
  facet normal 0 0 1
    outer loop
      vertex 137 146.8 0
      vertex 141.666666667 146.8 0
      vertex 141.666666667 151.5 0
    endloop
  endfacet
  facet normal 0 0 1
    outer loop
      vertex 137 146.8 0
      vertex 141.666666667 151.5 0
      vertex 137 151.5 0
    endloop
  endfacet
  facet normal 0 0 1
    outer loop
      vertex 137 151.5 0
      vertex 141.666666667 151.5 0
      vertex 141.666666667 156.2 0
    endloop
  endfacet
  facet normal 0 0 1
    outer loop
      vertex 137 151.5 0
      vertex 141.666666667 156.2 0
      vertex 137 156.2 0
    endloop
  endfacet
  facet normal 0 0 1
    outer loop
      vertex 137 156.2 0
      vertex 141.666666667 156.2 0
      vertex 141.666666667 160.9 0
    endloop
  endfacet
  facet normal 0 0 1
    outer loop
      vertex 137 156.2 0
      vertex 141.666666667 160.9 0
      vertex 137 160.9 0
    endloop
  endfacet
  facet normal -0 0 1
    outer loop
      vertex 137 160.9 0
      vertex 141.666666667 160.9 0
      vertex 141.666666667 165.6 0
    endloop
  endfacet
  facet normal 0 0 1
    outer loop
      vertex 137 160.9 0
      vertex 141.666666667 165.6 0
      vertex 137 165.6 0
    endloop
  endfacet
  facet normal 0 0 1
    outer loop
      vertex 137 165.6 0
      vertex 141.666666667 165.6 0
      vertex 141.666666667 170.3 0
    endloop
  endfacet
  facet normal 0 0 1
    outer loop
      vertex 137 165.6 0
      vertex 141.666666667 170.3 0
      vertex 137 170.3 0
    endloop
  endfacet
  facet normal 0 0 1
    outer loop
      vertex 137 170.3 0
      vertex 141.666666667 170.3 0
      vertex 141.666666667 175 0
    endloop
  endfacet
  facet normal 0 0 1
    outer loop
      vertex 137 170.3 0
      vertex 141.666666667 175 0
      vertex 137 175 0
    endloop
  endfacet
  facet normal 0 0 1
    outer loop
      vertex 141.666666667 128 0
      vertex 146.333333333 128 0
      vertex 146.333333333 132.7 0
    endloop
  endfacet
  facet normal 0 0 1
    outer loop
      vertex 141.666666667 128 0
      vertex 146.333333333 132.7 0
      vertex 141.666666667 132.7 0
    endloop
  endfacet
  facet normal 0 0 1
    outer loop
      vertex 141.666666667 132.7 0
      vertex 146.333333333 132.7 0
      vertex 146.333333333 137.4 0
    endloop
  endfacet
  facet normal 0 -0 1
    outer loop
      vertex 141.666666667 132.7 0
      vertex 146.333333333 137.4 0
      vertex 141.666666667 137.4 0
    endloop
  endfacet
  facet normal 0 0 1
    outer loop
      vertex 141.666666667 137.4 0
      vertex 146.333333333 137.4 0
      vertex 146.333333333 142.1 0
    endloop
  endfacet
  facet normal 0 0 1
    outer loop
      vertex 141.666666667 137.4 0
      vertex 146.333333333 142.1 0
      vertex 141.666666667 142.1 0
    endloop
  endfacet
  facet normal 0 0 1
    outer loop
      vertex 141.666666667 142.1 0
      vertex 146.333333333 142.1 0
      vertex 146.333333333 146.8 0
    endloop
  endfacet
  facet normal 0 0 1
    outer loop
      vertex 141.666666667 142.1 0
      vertex 146.333333333 146.8 0
      vertex 141.666666667 146.8 0
    endloop
  endfacet
  facet normal 0 0 1
    outer loop
      vertex 141.666666667 146.8 0
      vertex 146.333333333 146.8 0
      vertex 146.333333333 151.5 0
    endloop
  endfacet
  facet normal 0 0 1
    outer loop
      vertex 141.666666667 146.8 0
      vertex 146.333333333 151.5 0
      vertex 141.666666667 151.5 0
    endloop
  endfacet
  facet normal 0 0 1
    outer loop
      vertex 141.666666667 151.5 0
      vertex 146.333333333 151.5 0
      vertex 146.333333333 156.2 0
    endloop
  endfacet
  facet normal 0 0 1
    outer loop
      vertex 141.666666667 151.5 0
      vertex 146.333333333 156.2 0
      vertex 141.666666667 156.2 0
    endloop
  endfacet
  facet normal 0 0 1
    outer loop
      vertex 141.666666667 156.2 0
      vertex 146.333333333 156.2 0
      vertex 146.333333333 160.9 0
    endloop
  endfacet
  facet normal 0 -0 1
    outer loop
      vertex 141.666666667 156.2 0
      vertex 146.333333333 160.9 0
      vertex 141.666666667 160.9 0
    endloop
  endfacet
  facet normal 0 0 1
    outer loop
      vertex 141.666666667 160.9 0
      vertex 146.333333333 160.9 0
      vertex 146.333333333 165.6 0
    endloop
  endfacet
  facet normal 0 0 1
    outer loop
      vertex 141.666666667 160.9 0
      vertex 146.333333333 165.6 0
      vertex 141.666666667 165.6 0
    endloop
  endfacet
  facet normal -0 0 1
    outer loop
      vertex 141.666666667 165.6 0
      vertex 146.333333333 165.6 0
      vertex 146.333333333 170.3 0
    endloop
  endfacet
  facet normal 0 -0 1
    outer loop
      vertex 141.666666667 165.6 0
      vertex 146.333333333 170.3 0
      vertex 141.666666667 170.3 0
    endloop
  endfacet
  facet normal 0 0 1
    outer loop
      vertex 141.666666667 170.3 0
      vertex 146.333333333 170.3 0
      vertex 146.333333333 175 0
    endloop
  endfacet
  facet normal 0 0 1
    outer loop
      vertex 141.666666667 170.3 0
      vertex 146.333333333 175 0
      vertex 141.666666667 175 0
    endloop
  endfacet
  facet normal 0 0 1
    outer loop
      vertex 146.333333333 128 0
      vertex 151 128 0
      vertex 151 132.7 0
    endloop
  endfacet
  facet normal 0 -0 1
    outer loop
      vertex 146.333333333 128 0
      vertex 151 132.7 0
      vertex 146.333333333 132.7 0
    endloop
  endfacet
  facet normal 0 0 1
    outer loop
      vertex 146.333333333 132.7 0
      vertex 151 132.7 0
      vertex 151 137.4 0
    endloop
  endfacet
  facet normal 0 0 1
    outer loop
      vertex 146.333333333 132.7 0
      vertex 151 137.4 0
      vertex 146.333333333 137.4 0
    endloop
  endfacet
  facet normal 0 0 1
    outer loop
      vertex 146.333333333 137.4 0
      vertex 151 137.4 0
      vertex 151 142.1 0
    endloop
  endfacet
  facet normal 0 0 1
    outer loop
      vertex 146.333333333 137.4 0
      vertex 151 142.1 0
      vertex 146.333333333 142.1 0
    endloop
  endfacet
  facet normal 0 0 1
    outer loop
      vertex 146.333333333 142.1 0
      vertex 151 142.1 0
      vertex 151 146.8 0
    endloop
  endfacet
  facet normal 0 0 1
    outer loop
      vertex 146.333333333 142.1 0
      vertex 151 146.8 0
      vertex 146.333333333 146.8 0
    endloop
  endfacet
  facet normal 0 0 1
    outer loop
      vertex 146.333333333 146.8 0
      vertex 151 146.8 0
      vertex 151 151.5 0
    endloop
  endfacet
  facet normal 0 0 1
    outer loop
      vertex 146.333333333 146.8 0
      vertex 151 151.5 0
      vertex 146.333333333 151.5 0
    endloop
  endfacet
  facet normal 0 0 1
    outer loop
      vertex 146.333333333 151.5 0
      vertex 151 151.5 0
      vertex 151 156.2 0
    endloop
  endfacet
  facet normal 0 -0 1
    outer loop
      vertex 146.333333333 151.5 0
      vertex 151 156.2 0
      vertex 146.333333333 156.2 0
    endloop
  endfacet
  facet normal 0 0 1
    outer loop
      vertex 146.333333333 156.2 0
      vertex 151 156.2 0
      vertex 151 160.9 0
    endloop
  endfacet
  facet normal 0 0 1
    outer loop
      vertex 146.333333333 156.2 0
      vertex 151 160.9 0
      vertex 146.333333333 160.9 0
    endloop
  endfacet
  facet normal 0 0 1
    outer loop
      vertex 146.333333333 160.9 0
      vertex 151 160.9 0
      vertex 151 165.6 0
    endloop
  endfacet
  facet normal 0 -0 1
    outer loop
      vertex 146.333333333 160.9 0
      vertex 151 165.6 0
      vertex 146.333333333 165.6 0
    endloop
  endfacet
  facet normal 0 0 1
    outer loop
      vertex 146.333333333 165.6 0
      vertex 151 165.6 0
      vertex 151 170.3 0
    endloop
  endfacet
  facet normal 0 0 1
    outer loop
      vertex 146.333333333 165.6 0
      vertex 151 170.3 0
      vertex 146.333333333 170.3 0
    endloop
  endfacet
  facet normal 0 0 1
    outer loop
      vertex 146.333333333 170.3 0
      vertex 151 170.3 0
      vertex 151 175 0
    endloop
  endfacet
  facet normal 0 0 1
    outer loop
      vertex 146.333333333 170.3 0
      vertex 151 175 0
      vertex 146.333333333 175 0
    endloop
  endfacet
  facet normal 0 0 1
    outer loop
      vertex 151 128 0
      vertex 155.666666667 128 0
      vertex 155.666666667 132.7 0
    endloop
  endfacet
  facet normal 0 0 1
    outer loop
      vertex 151 128 0
      vertex 155.666666667 132.7 0
      vertex 151 132.7 0
    endloop
  endfacet
  facet normal -0 0 1
    outer loop
      vertex 151 132.7 0
      vertex 155.666666667 132.7 0
      vertex 155.666666667 137.4 0
    endloop
  endfacet
  facet normal 0 0 1
    outer loop
      vertex 151 132.7 0
      vertex 155.666666667 137.4 0
      vertex 151 137.4 0
    endloop
  endfacet
  facet normal 0 0 1
    outer loop
      vertex 151 137.4 0
      vertex 155.666666667 137.4 0
      vertex 155.666666667 142.1 0
    endloop
  endfacet
  facet normal 0 0 1
    outer loop
      vertex 151 137.4 0
      vertex 155.666666667 142.1 0
      vertex 151 142.1 0
    endloop
  endfacet
  facet normal 0 0 1
    outer loop
      vertex 151 142.1 0
      vertex 155.666666667 142.1 0
      vertex 155.666666667 146.8 0
    endloop
  endfacet
  facet normal 0 0 1
    outer loop
      vertex 151 142.1 0
      vertex 155.666666667 146.8 0
      vertex 151 146.8 0
    endloop
  endfacet
  facet normal -0 0 1
    outer loop
      vertex 151 146.8 0
      vertex 155.666666667 146.8 0
      vertex 155.666666667 151.5 0
    endloop
  endfacet
  facet normal 0 0 1
    outer loop
      vertex 151 146.8 0
      vertex 155.666666667 151.5 0
      vertex 151 151.5 0
    endloop
  endfacet
  facet normal 0 0 1
    outer loop
      vertex 151 151.5 0
      vertex 155.666666667 151.5 0
      vertex 155.666666667 156.2 0
    endloop
  endfacet
  facet normal 0 0 1
    outer loop
      vertex 151 151.5 0
      vertex 155.666666667 156.2 0
      vertex 151 156.2 0
    endloop
  endfacet
  facet normal 0 0 1
    outer loop
      vertex 151 156.2 0
      vertex 155.666666667 156.2 0
      vertex 155.666666667 160.9 0
    endloop
  endfacet
  facet normal 0 -0 1
    outer loop
      vertex 151 156.2 0
      vertex 155.666666667 160.9 0
      vertex 151 160.9 0
    endloop
  endfacet
  facet normal 0 0 1
    outer loop
      vertex 151 160.9 0
      vertex 155.666666667 160.9 0
      vertex 155.666666667 165.6 0
    endloop
  endfacet
  facet normal 0 0 1
    outer loop
      vertex 151 160.9 0
      vertex 155.666666667 165.6 0
      vertex 151 165.6 0
    endloop
  endfacet
  facet normal 0 0 1
    outer loop
      vertex 151 165.6 0
      vertex 155.666666667 165.6 0
      vertex 155.666666667 170.3 0
    endloop
  endfacet
  facet normal 0 0 1
    outer loop
      vertex 151 165.6 0
      vertex 155.666666667 170.3 0
      vertex 151 170.3 0
    endloop
  endfacet
  facet normal 0 0 1
    outer loop
      vertex 151 170.3 0
      vertex 155.666666667 170.3 0
      vertex 155.666666667 175 0
    endloop
  endfacet
  facet normal 0 0 1
    outer loop
      vertex 151 170.3 0
      vertex 155.666666667 175 0
      vertex 151 175 0
    endloop
  endfacet
  facet normal 0 0 1
    outer loop
      vertex 155.666666667 128 0
      vertex 160.333333333 128 0
      vertex 160.333333333 132.7 0
    endloop
  endfacet
  facet normal 0 0 1
    outer loop
      vertex 155.666666667 128 0
      vertex 160.333333333 132.7 0
      vertex 155.666666667 132.7 0
    endloop
  endfacet
  facet normal 0 0 1
    outer loop
      vertex 155.666666667 132.7 0
      vertex 160.333333333 132.7 0
      vertex 160.333333333 137.4 0
    endloop
  endfacet
  facet normal 0 -0 1
    outer loop
      vertex 155.666666667 132.7 0
      vertex 160.333333333 137.4 0
      vertex 155.666666667 137.4 0
    endloop
  endfacet
  facet normal 0 0 1
    outer loop
      vertex 155.666666667 137.4 0
      vertex 160.333333333 137.4 0
      vertex 160.333333333 142.1 0
    endloop
  endfacet
  facet normal 0 -0 1
    outer loop
      vertex 155.666666667 137.4 0
      vertex 160.333333333 142.1 0
      vertex 155.666666667 142.1 0
    endloop
  endfacet
  facet normal 0 0 1
    outer loop
      vertex 155.666666667 142.1 0
      vertex 160.333333333 142.1 0
      vertex 160.333333333 146.8 0
    endloop
  endfacet
  facet normal 0 0 1
    outer loop
      vertex 155.666666667 142.1 0
      vertex 160.333333333 146.8 0
      vertex 155.666666667 146.8 0
    endloop
  endfacet
  facet normal 0 0 1
    outer loop
      vertex 155.666666667 146.8 0
      vertex 160.333333333 146.8 0
      vertex 160.333333333 151.5 0
    endloop
  endfacet
  facet normal 0 -0 1
    outer loop
      vertex 155.666666667 146.8 0
      vertex 160.333333333 151.5 0
      vertex 155.666666667 151.5 0
    endloop
  endfacet
  facet normal 0 0 1
    outer loop
      vertex 155.666666667 151.5 0
      vertex 160.333333333 151.5 0
      vertex 160.333333333 156.2 0
    endloop
  endfacet
  facet normal 0 0 1
    outer loop
      vertex 155.666666667 151.5 0
      vertex 160.333333333 156.2 0
      vertex 155.666666667 156.2 0
    endloop
  endfacet
  facet normal -0 0 1
    outer loop
      vertex 155.666666667 156.2 0
      vertex 160.333333333 156.2 0
      vertex 160.333333333 160.9 0
    endloop
  endfacet
  facet normal 0 0 1
    outer loop
      vertex 155.666666667 156.2 0
      vertex 160.333333333 160.9 0
      vertex 155.666666667 160.9 0
    endloop
  endfacet
  facet normal 0 0 1
    outer loop
      vertex 155.666666667 160.9 0
      vertex 160.333333333 160.9 0
      vertex 160.333333333 165.6 0
    endloop
  endfacet
  facet normal 0 0 1
    outer loop
      vertex 155.666666667 160.9 0
      vertex 160.333333333 165.6 0
      vertex 155.666666667 165.6 0
    endloop
  endfacet
  facet normal 0 0 1
    outer loop
      vertex 155.666666667 165.6 0
      vertex 160.333333333 165.6 0
      vertex 160.333333333 170.3 0
    endloop
  endfacet
  facet normal 0 -0 1
    outer loop
      vertex 155.666666667 165.6 0
      vertex 160.333333333 170.3 0
      vertex 155.666666667 170.3 0
    endloop
  endfacet
  facet normal 0 0 1
    outer loop
      vertex 155.666666667 170.3 0
      vertex 160.333333333 170.3 0
      vertex 160.333333333 175 0
    endloop
  endfacet
  facet normal 0 0 1
    outer loop
      vertex 155.666666667 170.3 0
      vertex 160.333333333 175 0
      vertex 155.666666667 175 0
    endloop
  endfacet
  facet normal 0 0 1
    outer loop
      vertex 160.333333333 128 0
      vertex 165 128 0
      vertex 165 132.7 0
    endloop
  endfacet
  facet normal 0 0 1
    outer loop
      vertex 160.333333333 128 0
      vertex 165 132.7 0
      vertex 160.333333333 132.7 0
    endloop
  endfacet
  facet normal -0 0 1
    outer loop
      vertex 160.333333333 132.7 0
      vertex 165 132.7 0
      vertex 165 137.4 0
    endloop
  endfacet
  facet normal 0 0 1
    outer loop
      vertex 160.333333333 132.7 0
      vertex 165 137.4 0
      vertex 160.333333333 137.4 0
    endloop
  endfacet
  facet normal 0 0 1
    outer loop
      vertex 160.333333333 137.4 0
      vertex 165 137.4 0
      vertex 165 142.1 0
    endloop
  endfacet
  facet normal 0 -0 1
    outer loop
      vertex 160.333333333 137.4 0
      vertex 165 142.1 0
      vertex 160.333333333 142.1 0
    endloop
  endfacet
  facet normal 0 0 1
    outer loop
      vertex 160.333333333 142.1 0
      vertex 165 142.1 0
      vertex 165 146.8 0
    endloop
  endfacet
  facet normal 0 0 1
    outer loop
      vertex 160.333333333 142.1 0
      vertex 165 146.8 0
      vertex 160.333333333 146.8 0
    endloop
  endfacet
  facet normal 0 0 1
    outer loop
      vertex 160.333333333 146.8 0
      vertex 165 146.8 0
      vertex 165 151.5 0
    endloop
  endfacet
  facet normal 0 0 1
    outer loop
      vertex 160.333333333 146.8 0
      vertex 165 151.5 0
      vertex 160.333333333 151.5 0
    endloop
  endfacet
  facet normal 0 0 1
    outer loop
      vertex 160.333333333 151.5 0
      vertex 165 151.5 0
      vertex 165 156.2 0
    endloop
  endfacet
  facet normal 0 -0 1
    outer loop
      vertex 160.333333333 151.5 0
      vertex 165 156.2 0
      vertex 160.333333333 156.2 0
    endloop
  endfacet
  facet normal 0 0 1
    outer loop
      vertex 160.333333333 156.2 0
      vertex 165 156.2 0
      vertex 165 160.9 0
    endloop
  endfacet
  facet normal 0 0 1
    outer loop
      vertex 160.333333333 156.2 0
      vertex 165 160.9 0
      vertex 160.333333333 160.9 0
    endloop
  endfacet
  facet normal -0 0 1
    outer loop
      vertex 160.333333333 160.9 0
      vertex 165 160.9 0
      vertex 165 165.6 0
    endloop
  endfacet
  facet normal 0 0 1
    outer loop
      vertex 160.333333333 160.9 0
      vertex 165 165.6 0
      vertex 160.333333333 165.6 0
    endloop
  endfacet
  facet normal 0 0 1
    outer loop
      vertex 160.333333333 165.6 0
      vertex 165 165.6 0
      vertex 165 170.3 0
    endloop
  endfacet
  facet normal 0 0 1
    outer loop
      vertex 160.333333333 165.6 0
      vertex 165 170.3 0
      vertex 160.333333333 170.3 0
    endloop
  endfacet
  facet normal 0 0 1
    outer loop
      vertex 160.333333333 170.3 0
      vertex 165 170.3 0
      vertex 165 175 0
    endloop
  endfacet
  facet normal 0 0 1
    outer loop
      vertex 160.333333333 170.3 0
      vertex 165 175 0
      vertex 160.333333333 175 0
    endloop
  endfacet
  facet normal 0 0 1
    outer loop
      vertex 160 0 0
      vertex 165 0 0
      vertex 165 5 0
    endloop
  endfacet
  facet normal 0 0 1
    outer loop
      vertex 160 0 0
      vertex 165 5 0
      vertex 160 5 0
    endloop
  endfacet
  facet normal 0 0 1
    outer loop
      vertex 160 5 0
      vertex 165 5 0
      vertex 165 10 0
    endloop
  endfacet
  facet normal 0 0 1
    outer loop
      vertex 160 5 0
      vertex 165 10 0
      vertex 160 10 0
    endloop
  endfacet
  facet normal 0 0 1
    outer loop
      vertex 160 10 0
      vertex 165 10 0
      vertex 165 15 0
    endloop
  endfacet
  facet normal 0 0 1
    outer loop
      vertex 160 10 0
      vertex 165 15 0
      vertex 160 15 0
    endloop
  endfacet
  facet normal 0 0 1
    outer loop
      vertex 160 15 0
      vertex 165 15 0
      vertex 165 20 0
    endloop
  endfacet
  facet normal 0 0 1
    outer loop
      vertex 160 15 0
      vertex 165 20 0
      vertex 160 20 0
    endloop
  endfacet
  facet normal 0 0 1
    outer loop
      vertex 160 20 0
      vertex 165 20 0
      vertex 165 25 0
    endloop
  endfacet
  facet normal 0 0 1
    outer loop
      vertex 160 20 0
      vertex 165 25 0
      vertex 160 25 0
    endloop
  endfacet
  facet normal 0 0 1
    outer loop
      vertex 160 25 0
      vertex 165 25 0
      vertex 165 30 0
    endloop
  endfacet
  facet normal 0 0 1
    outer loop
      vertex 160 25 0
      vertex 165 30 0
      vertex 160 30 0
    endloop
  endfacet
  facet normal 0 0 1
    outer loop
      vertex 160 30 0
      vertex 165 30 0
      vertex 165 35 0
    endloop
  endfacet
  facet normal 0 0 1
    outer loop
      vertex 160 30 0
      vertex 165 35 0
      vertex 160 35 0
    endloop
  endfacet
  facet normal 0 0 1
    outer loop
      vertex 160 35 0
      vertex 165 35 0
      vertex 165 40 0
    endloop
  endfacet
  facet normal 0 0 1
    outer loop
      vertex 160 35 0
      vertex 165 40 0
      vertex 160 40 0
    endloop
  endfacet
  facet normal 0 0 1
    outer loop
      vertex 160 40 0
      vertex 165 40 0
      vertex 165 45 0
    endloop
  endfacet
  facet normal 0 0 1
    outer loop
      vertex 160 40 0
      vertex 165 45 0
      vertex 160 45 0
    endloop
  endfacet
  facet normal 0 0 1
    outer loop
      vertex 160 45 0
      vertex 165 45 0
      vertex 165 50 0
    endloop
  endfacet
  facet normal 0 0 1
    outer loop
      vertex 160 45 0
      vertex 165 50 0
      vertex 160 50 0
    endloop
  endfacet
  facet normal 0 0 1
    outer loop
      vertex 160 50 0
      vertex 165 50 0
      vertex 165 55 0
    endloop
  endfacet
  facet normal 0 0 1
    outer loop
      vertex 160 50 0
      vertex 165 55 0
      vertex 160 55 0
    endloop
  endfacet
  facet normal -0 0 1
    outer loop
      vertex 160 55 0
      vertex 165 55 0
      vertex 165 60 0
    endloop
  endfacet
  facet normal 0 0 1
    outer loop
      vertex 160 55 0
      vertex 165 60 0
      vertex 160 60 0
    endloop
  endfacet
  facet normal 0 0 1
    outer loop
      vertex 165 0 0
      vertex 170 0 0
      vertex 170 5 0
    endloop
  endfacet
  facet normal 0 0 1
    outer loop
      vertex 165 0 0
      vertex 170 5 0
      vertex 165 5 0
    endloop
  endfacet
  facet normal 0 0 1
    outer loop
      vertex 165 5 0
      vertex 170 5 0
      vertex 170 10 0
    endloop
  endfacet
  facet normal 0 0 1
    outer loop
      vertex 165 5 0
      vertex 170 10 0
      vertex 165 10 0
    endloop
  endfacet
  facet normal 0 0 1
    outer loop
      vertex 165 10 0
      vertex 170 10 0
      vertex 170 15 0
    endloop
  endfacet
  facet normal 0 -0 1
    outer loop
      vertex 165 10 0
      vertex 170 15 0
      vertex 165 15 0
    endloop
  endfacet
  facet normal 0 0 1
    outer loop
      vertex 165 15 0
      vertex 170 15 0
      vertex 170 20 0
    endloop
  endfacet
  facet normal 0 0 1
    outer loop
      vertex 165 15 0
      vertex 170 20 0
      vertex 165 20 0
    endloop
  endfacet
  facet normal 0 0 1
    outer loop
      vertex 165 20 0
      vertex 170 20 0
      vertex 170 25 0
    endloop
  endfacet
  facet normal 0 -0 1
    outer loop
      vertex 165 20 0
      vertex 170 25 0
      vertex 165 25 0
    endloop
  endfacet
  facet normal 0 0 1
    outer loop
      vertex 165 25 0
      vertex 170 25 0
      vertex 170 30 0
    endloop
  endfacet
  facet normal 0 0 1
    outer loop
      vertex 165 25 0
      vertex 170 30 0
      vertex 165 30 0
    endloop
  endfacet
  facet normal 0 0 1
    outer loop
      vertex 165 30 0
      vertex 170 30 0
      vertex 170 35 0
    endloop
  endfacet
  facet normal 0 0 1
    outer loop
      vertex 165 30 0
      vertex 170 35 0
      vertex 165 35 0
    endloop
  endfacet
  facet normal -0 0 1
    outer loop
      vertex 165 35 0
      vertex 170 35 0
      vertex 170 40 0
    endloop
  endfacet
  facet normal 0 0 1
    outer loop
      vertex 165 35 0
      vertex 170 40 0
      vertex 165 40 0
    endloop
  endfacet
  facet normal 0 0 1
    outer loop
      vertex 165 40 0
      vertex 170 40 0
      vertex 170 45 0
    endloop
  endfacet
  facet normal 0 0 1
    outer loop
      vertex 165 40 0
      vertex 170 45 0
      vertex 165 45 0
    endloop
  endfacet
  facet normal 0 0 1
    outer loop
      vertex 165 45 0
      vertex 170 45 0
      vertex 170 50 0
    endloop
  endfacet
  facet normal 0 0 1
    outer loop
      vertex 165 45 0
      vertex 170 50 0
      vertex 165 50 0
    endloop
  endfacet
  facet normal 0 0 1
    outer loop
      vertex 165 50 0
      vertex 170 50 0
      vertex 170 55 0
    endloop
  endfacet
  facet normal 0 0 1
    outer loop
      vertex 165 50 0
      vertex 170 55 0
      vertex 165 55 0
    endloop
  endfacet
  facet normal 0 0 1
    outer loop
      vertex 165 55 0
      vertex 170 55 0
      vertex 170 60 0
    endloop
  endfacet
  facet normal 0 0 1
    outer loop
      vertex 165 55 0
      vertex 170 60 0
      vertex 165 60 0
    endloop
  endfacet
  facet normal 0 0 1
    outer loop
      vertex 170 0 0
      vertex 175 0 0
      vertex 175 5 0
    endloop
  endfacet
  facet normal 0 0 1
    outer loop
      vertex 170 0 0
      vertex 175 5 0
      vertex 170 5 0
    endloop
  endfacet
  facet normal 0 0 1
    outer loop
      vertex 170 5 0
      vertex 175 5 0
      vertex 175 10 0
    endloop
  endfacet
  facet normal 0 0 1
    outer loop
      vertex 170 5 0
      vertex 175 10 0
      vertex 170 10 0
    endloop
  endfacet
  facet normal 0 0 1
    outer loop
      vertex 170 10 0
      vertex 175 10 0
      vertex 175 15 0
    endloop
  endfacet
  facet normal 0 0 1
    outer loop
      vertex 170 10 0
      vertex 175 15 0
      vertex 170 15 0
    endloop
  endfacet
  facet normal -0 0 1
    outer loop
      vertex 170 15 0
      vertex 175 15 0
      vertex 175 20 0
    endloop
  endfacet
  facet normal 0 0 1
    outer loop
      vertex 170 15 0
      vertex 175 20 0
      vertex 170 20 0
    endloop
  endfacet
  facet normal 0 0 1
    outer loop
      vertex 170 20 0
      vertex 175 20 0
      vertex 175 25 0
    endloop
  endfacet
  facet normal 0 0 1
    outer loop
      vertex 170 20 0
      vertex 175 25 0
      vertex 170 25 0
    endloop
  endfacet
  facet normal -0 0 1
    outer loop
      vertex 170 25 0
      vertex 175 25 0
      vertex 175 30 0
    endloop
  endfacet
  facet normal 0 0 1
    outer loop
      vertex 170 25 0
      vertex 175 30 0
      vertex 170 30 0
    endloop
  endfacet
  facet normal -0 0 1
    outer loop
      vertex 170 30 0
      vertex 175 30 0
      vertex 175 35 0
    endloop
  endfacet
  facet normal 0 0 1
    outer loop
      vertex 170 30 0
      vertex 175 35 0
      vertex 170 35 0
    endloop
  endfacet
  facet normal 0 0 1
    outer loop
      vertex 170 35 0
      vertex 175 35 0
      vertex 175 40 0
    endloop
  endfacet
  facet normal 0 0 1
    outer loop
      vertex 170 35 0
      vertex 175 40 0
      vertex 170 40 0
    endloop
  endfacet
  facet normal 0 0 1
    outer loop
      vertex 170 40 0
      vertex 175 40 0
      vertex 175 45 0
    endloop
  endfacet
  facet normal 0 0 1
    outer loop
      vertex 170 40 0
      vertex 175 45 0
      vertex 170 45 0
    endloop
  endfacet
  facet normal 0 0 1
    outer loop
      vertex 170 45 0
      vertex 175 45 0
      vertex 175 50 0
    endloop
  endfacet
  facet normal 0 0 1
    outer loop
      vertex 170 45 0
      vertex 175 50 0
      vertex 170 50 0
    endloop
  endfacet
  facet normal -0 0 1
    outer loop
      vertex 170 50 0
      vertex 175 50 0
      vertex 175 55 0
    endloop
  endfacet
  facet normal 0 -0 1
    outer loop
      vertex 170 50 0
      vertex 175 55 0
      vertex 170 55 0
    endloop
  endfacet
  facet normal 0 0 1
    outer loop
      vertex 170 55 0
      vertex 175 55 0
      vertex 175 60 0
    endloop
  endfacet
  facet normal 0 0 1
    outer loop
      vertex 170 55 0
      vertex 175 60 0
      vertex 170 60 0
    endloop
  endfacet
  facet normal 0 0 1
    outer loop
      vertex 175 0 0
      vertex 180 0 0
      vertex 180 5 0
    endloop
  endfacet
  facet normal 0 -0 1
    outer loop
      vertex 175 0 0
      vertex 180 5 0
      vertex 175 5 0
    endloop
  endfacet
  facet normal 0 0 1
    outer loop
      vertex 175 5 0
      vertex 180 5 0
      vertex 180 10 0
    endloop
  endfacet
  facet normal 0 0 1
    outer loop
      vertex 175 5 0
      vertex 180 10 0
      vertex 175 10 0
    endloop
  endfacet
  facet normal 0 0 1
    outer loop
      vertex 175 10 0
      vertex 180 10 0
      vertex 180 15 0
    endloop
  endfacet
  facet normal 0 -0 1
    outer loop
      vertex 175 10 0
      vertex 180 15 0
      vertex 175 15 0
    endloop
  endfacet
  facet normal 0 0 1
    outer loop
      vertex 175 15 0
      vertex 180 15 0
      vertex 180 20 0
    endloop
  endfacet
  facet normal 0 0 1
    outer loop
      vertex 175 15 0
      vertex 180 20 0
      vertex 175 20 0
    endloop
  endfacet
  facet normal 0 0 1
    outer loop
      vertex 175 20 0
      vertex 180 20 0
      vertex 180 25 0
    endloop
  endfacet
  facet normal 0 0 1
    outer loop
      vertex 175 20 0
      vertex 180 25 0
      vertex 175 25 0
    endloop
  endfacet
  facet normal 0 0 1
    outer loop
      vertex 175 25 0
      vertex 180 25 0
      vertex 180 30 0
    endloop
  endfacet
  facet normal 0 0 1
    outer loop
      vertex 175 25 0
      vertex 180 30 0
      vertex 175 30 0
    endloop
  endfacet
  facet normal 0 0 1
    outer loop
      vertex 175 30 0
      vertex 180 30 0
      vertex 180 35 0
    endloop
  endfacet
  facet normal 0 0 1
    outer loop
      vertex 175 30 0
      vertex 180 35 0
      vertex 175 35 0
    endloop
  endfacet
  facet normal 0 0 1
    outer loop
      vertex 175 35 0
      vertex 180 35 0
      vertex 180 40 0
    endloop
  endfacet
  facet normal 0 0 1
    outer loop
      vertex 175 35 0
      vertex 180 40 0
      vertex 175 40 0
    endloop
  endfacet
  facet normal 0 0 1
    outer loop
      vertex 175 40 0
      vertex 180 40 0
      vertex 180 45 0
    endloop
  endfacet
  facet normal 0 0 1
    outer loop
      vertex 175 40 0
      vertex 180 45 0
      vertex 175 45 0
    endloop
  endfacet
  facet normal 0 0 1
    outer loop
      vertex 175 45 0
      vertex 180 45 0
      vertex 180 50 0
    endloop
  endfacet
  facet normal 0 0 1
    outer loop
      vertex 175 45 0
      vertex 180 50 0
      vertex 175 50 0
    endloop
  endfacet
  facet normal 0 0 1
    outer loop
      vertex 175 50 0
      vertex 180 50 0
      vertex 180 55 0
    endloop
  endfacet
  facet normal 0 0 1
    outer loop
      vertex 175 50 0
      vertex 180 55 0
      vertex 175 55 0
    endloop
  endfacet
  facet normal 0 0 1
    outer loop
      vertex 175 55 0
      vertex 180 55 0
      vertex 180 60 0
    endloop
  endfacet
  facet normal 0 0 1
    outer loop
      vertex 175 55 0
      vertex 180 60 0
      vertex 175 60 0
    endloop
  endfacet
  facet normal 0 0 1
    outer loop
      vertex 180 0 0
      vertex 185 0 0
      vertex 185 5 0
    endloop
  endfacet
  facet normal 0 0 1
    outer loop
      vertex 180 0 0
      vertex 185 5 0
      vertex 180 5 0
    endloop
  endfacet
  facet normal 0 0 1
    outer loop
      vertex 180 5 0
      vertex 185 5 0
      vertex 185 10 0
    endloop
  endfacet
  facet normal 0 0 1
    outer loop
      vertex 180 5 0
      vertex 185 10 0
      vertex 180 10 0
    endloop
  endfacet
  facet normal 0 0 1
    outer loop
      vertex 180 10 0
      vertex 185 10 0
      vertex 185 15 0
    endloop
  endfacet
  facet normal 0 0 1
    outer loop
      vertex 180 10 0
      vertex 185 15 0
      vertex 180 15 0
    endloop
  endfacet
  facet normal 0 0 1
    outer loop
      vertex 180 15 0
      vertex 185 15 0
      vertex 185 20 0
    endloop
  endfacet
  facet normal 0 0 1
    outer loop
      vertex 180 15 0
      vertex 185 20 0
      vertex 180 20 0
    endloop
  endfacet
  facet normal 0 0 1
    outer loop
      vertex 180 20 0
      vertex 185 20 0
      vertex 185 25 0
    endloop
  endfacet
  facet normal 0 -0 1
    outer loop
      vertex 180 20 0
      vertex 185 25 0
      vertex 180 25 0
    endloop
  endfacet
  facet normal -0 0 1
    outer loop
      vertex 180 25 0
      vertex 185 25 0
      vertex 185 30 0
    endloop
  endfacet
  facet normal 0 0 1
    outer loop
      vertex 180 25 0
      vertex 185 30 0
      vertex 180 30 0
    endloop
  endfacet
  facet normal 0 0 1
    outer loop
      vertex 180 30 0
      vertex 185 30 0
      vertex 185 35 0
    endloop
  endfacet
  facet normal 0 0 1
    outer loop
      vertex 180 30 0
      vertex 185 35 0
      vertex 180 35 0
    endloop
  endfacet
  facet normal 0 0 1
    outer loop
      vertex 180 35 0
      vertex 185 35 0
      vertex 185 40 0
    endloop
  endfacet
  facet normal 0 0 1
    outer loop
      vertex 180 35 0
      vertex 185 40 0
      vertex 180 40 0
    endloop
  endfacet
  facet normal 0 0 1
    outer loop
      vertex 180 40 0
      vertex 185 40 0
      vertex 185 45 0
    endloop
  endfacet
  facet normal 0 0 1
    outer loop
      vertex 180 40 0
      vertex 185 45 0
      vertex 180 45 0
    endloop
  endfacet
  facet normal 0 0 1
    outer loop
      vertex 180 45 0
      vertex 185 45 0
      vertex 185 50 0
    endloop
  endfacet
  facet normal 0 0 1
    outer loop
      vertex 180 45 0
      vertex 185 50 0
      vertex 180 50 0
    endloop
  endfacet
  facet normal -0 0 1
    outer loop
      vertex 180 50 0
      vertex 185 50 0
      vertex 185 55 0
    endloop
  endfacet
  facet normal 0 0 1
    outer loop
      vertex 180 50 0
      vertex 185 55 0
      vertex 180 55 0
    endloop
  endfacet
  facet normal -0 0 1
    outer loop
      vertex 180 55 0
      vertex 185 55 0
      vertex 185 60 0
    endloop
  endfacet
  facet normal 0 0 1
    outer loop
      vertex 180 55 0
      vertex 185 60 0
      vertex 180 60 0
    endloop
  endfacet
  facet normal 0 0 1
    outer loop
      vertex 185 0 0
      vertex 190 0 0
      vertex 190 5 0
    endloop
  endfacet
  facet normal 0 0 1
    outer loop
      vertex 185 0 0
      vertex 190 5 0
      vertex 185 5 0
    endloop
  endfacet
  facet normal 0 0 1
    outer loop
      vertex 185 5 0
      vertex 190 5 0
      vertex 190 10 0
    endloop
  endfacet
  facet normal 0 0 1
    outer loop
      vertex 185 5 0
      vertex 190 10 0
      vertex 185 10 0
    endloop
  endfacet
  facet normal 0 0 1
    outer loop
      vertex 185 10 0
      vertex 190 10 0
      vertex 190 15 0
    endloop
  endfacet
  facet normal 0 0 1
    outer loop
      vertex 185 10 0
      vertex 190 15 0
      vertex 185 15 0
    endloop
  endfacet
  facet normal 0 0 1
    outer loop
      vertex 185 15 0
      vertex 190 15 0
      vertex 190 20 0
    endloop
  endfacet
  facet normal 0 0 1
    outer loop
      vertex 185 15 0
      vertex 190 20 0
      vertex 185 20 0
    endloop
  endfacet
  facet normal 0 0 1
    outer loop
      vertex 185 20 0
      vertex 190 20 0
      vertex 190 25 0
    endloop
  endfacet
  facet normal 0 -0 1
    outer loop
      vertex 185 20 0
      vertex 190 25 0
      vertex 185 25 0
    endloop
  endfacet
  facet normal 0 0 1
    outer loop
      vertex 185 25 0
      vertex 190 25 0
      vertex 190 30 0
    endloop
  endfacet
  facet normal 0 0 1
    outer loop
      vertex 185 25 0
      vertex 190 30 0
      vertex 185 30 0
    endloop
  endfacet
  facet normal 0 0 1
    outer loop
      vertex 185 30 0
      vertex 190 30 0
      vertex 190 35 0
    endloop
  endfacet
  facet normal 0 -0 1
    outer loop
      vertex 185 30 0
      vertex 190 35 0
      vertex 185 35 0
    endloop
  endfacet
  facet normal 0 0 1
    outer loop
      vertex 185 35 0
      vertex 190 35 0
      vertex 190 40 0
    endloop
  endfacet
  facet normal 0 0 1
    outer loop
      vertex 185 35 0
      vertex 190 40 0
      vertex 185 40 0
    endloop
  endfacet
  facet normal 0 0 1
    outer loop
      vertex 185 40 0
      vertex 190 40 0
      vertex 190 45 0
    endloop
  endfacet
  facet normal 0 0 1
    outer loop
      vertex 185 40 0
      vertex 190 45 0
      vertex 185 45 0
    endloop
  endfacet
  facet normal 0 0 1
    outer loop
      vertex 185 45 0
      vertex 190 45 0
      vertex 190 50 0
    endloop
  endfacet
  facet normal 0 0 1
    outer loop
      vertex 185 45 0
      vertex 190 50 0
      vertex 185 50 0
    endloop
  endfacet
  facet normal 0 0 1
    outer loop
      vertex 185 50 0
      vertex 190 50 0
      vertex 190 55 0
    endloop
  endfacet
  facet normal 0 0 1
    outer loop
      vertex 185 50 0
      vertex 190 55 0
      vertex 185 55 0
    endloop
  endfacet
  facet normal 0 0 1
    outer loop
      vertex 185 55 0
      vertex 190 55 0
      vertex 190 60 0
    endloop
  endfacet
  facet normal 0 0 1
    outer loop
      vertex 185 55 0
      vertex 190 60 0
      vertex 185 60 0
    endloop
  endfacet
  facet normal 0 0 1
    outer loop
      vertex 160 128 0
      vertex 165 128 0
      vertex 165 132.7 0
    endloop
  endfacet
  facet normal 0 0 1
    outer loop
      vertex 160 128 0
      vertex 165 132.7 0
      vertex 160 132.7 0
    endloop
  endfacet
  facet normal 0 0 1
    outer loop
      vertex 160 132.7 0
      vertex 165 132.7 0
      vertex 165 137.4 0
    endloop
  endfacet
  facet normal 0 0 1
    outer loop
      vertex 160 132.7 0
      vertex 165 137.4 0
      vertex 160 137.4 0
    endloop
  endfacet
  facet normal 0 0 1
    outer loop
      vertex 160 137.4 0
      vertex 165 137.4 0
      vertex 165 142.1 0
    endloop
  endfacet
  facet normal 0 0 1
    outer loop
      vertex 160 137.4 0
      vertex 165 142.1 0
      vertex 160 142.1 0
    endloop
  endfacet
  facet normal 0 0 1
    outer loop
      vertex 160 142.1 0
      vertex 165 142.1 0
      vertex 165 146.8 0
    endloop
  endfacet
  facet normal 0 0 1
    outer loop
      vertex 160 142.1 0
      vertex 165 146.8 0
      vertex 160 146.8 0
    endloop
  endfacet
  facet normal 0 0 1
    outer loop
      vertex 160 146.8 0
      vertex 165 146.8 0
      vertex 165 151.5 0
    endloop
  endfacet
  facet normal 0 0 1
    outer loop
      vertex 160 146.8 0
      vertex 165 151.5 0
      vertex 160 151.5 0
    endloop
  endfacet
  facet normal 0 0 1
    outer loop
      vertex 160 151.5 0
      vertex 165 151.5 0
      vertex 165 156.2 0
    endloop
  endfacet
  facet normal 0 0 1
    outer loop
      vertex 160 151.5 0
      vertex 165 156.2 0
      vertex 160 156.2 0
    endloop
  endfacet
  facet normal 0 0 1
    outer loop
      vertex 160 156.2 0
      vertex 165 156.2 0
      vertex 165 160.9 0
    endloop
  endfacet
  facet normal 0 0 1
    outer loop
      vertex 160 156.2 0
      vertex 165 160.9 0
      vertex 160 160.9 0
    endloop
  endfacet
  facet normal 0 0 1
    outer loop
      vertex 160 160.9 0
      vertex 165 160.9 0
      vertex 165 165.6 0
    endloop
  endfacet
  facet normal 0 0 1
    outer loop
      vertex 160 160.9 0
      vertex 165 165.6 0
      vertex 160 165.6 0
    endloop
  endfacet
  facet normal 0 0 1
    outer loop
      vertex 160 165.6 0
      vertex 165 165.6 0
      vertex 165 170.3 0
    endloop
  endfacet
  facet normal 0 0 1
    outer loop
      vertex 160 165.6 0
      vertex 165 170.3 0
      vertex 160 170.3 0
    endloop
  endfacet
  facet normal 0 0 1
    outer loop
      vertex 160 170.3 0
      vertex 165 170.3 0
      vertex 165 175 0
    endloop
  endfacet
  facet normal 0 0 1
    outer loop
      vertex 160 170.3 0
      vertex 165 175 0
      vertex 160 175 0
    endloop
  endfacet
  facet normal 0 0 1
    outer loop
      vertex 165 128 0
      vertex 170 128 0
      vertex 170 132.7 0
    endloop
  endfacet
  facet normal 0 0 1
    outer loop
      vertex 165 128 0
      vertex 170 132.7 0
      vertex 165 132.7 0
    endloop
  endfacet
  facet normal 0 0 1
    outer loop
      vertex 165 132.7 0
      vertex 170 132.7 0
      vertex 170 137.4 0
    endloop
  endfacet
  facet normal 0 0 1
    outer loop
      vertex 165 132.7 0
      vertex 170 137.4 0
      vertex 165 137.4 0
    endloop
  endfacet
  facet normal 0 0 1
    outer loop
      vertex 165 137.4 0
      vertex 170 137.4 0
      vertex 170 142.1 0
    endloop
  endfacet
  facet normal 0 -0 1
    outer loop
      vertex 165 137.4 0
      vertex 170 142.1 0
      vertex 165 142.1 0
    endloop
  endfacet
  facet normal -0 0 1
    outer loop
      vertex 165 142.1 0
      vertex 170 142.1 0
      vertex 170 146.8 0
    endloop
  endfacet
  facet normal 0 0 1
    outer loop
      vertex 165 142.1 0
      vertex 170 146.8 0
      vertex 165 146.8 0
    endloop
  endfacet
  facet normal 0 0 1
    outer loop
      vertex 165 146.8 0
      vertex 170 146.8 0
      vertex 170 151.5 0
    endloop
  endfacet
  facet normal 0 0 1
    outer loop
      vertex 165 146.8 0
      vertex 170 151.5 0
      vertex 165 151.5 0
    endloop
  endfacet
  facet normal 0 0 1
    outer loop
      vertex 165 151.5 0
      vertex 170 151.5 0
      vertex 170 156.2 0
    endloop
  endfacet
  facet normal 0 0 1
    outer loop
      vertex 165 151.5 0
      vertex 170 156.2 0
      vertex 165 156.2 0
    endloop
  endfacet
  facet normal 0 0 1
    outer loop
      vertex 165 156.2 0
      vertex 170 156.2 0
      vertex 170 160.9 0
    endloop
  endfacet
  facet normal 0 0 1
    outer loop
      vertex 165 156.2 0
      vertex 170 160.9 0
      vertex 165 160.9 0
    endloop
  endfacet
  facet normal 0 0 1
    outer loop
      vertex 165 160.9 0
      vertex 170 160.9 0
      vertex 170 165.6 0
    endloop
  endfacet
  facet normal 0 0 1
    outer loop
      vertex 165 160.9 0
      vertex 170 165.6 0
      vertex 165 165.6 0
    endloop
  endfacet
  facet normal 0 0 1
    outer loop
      vertex 165 165.6 0
      vertex 170 165.6 0
      vertex 170 170.3 0
    endloop
  endfacet
  facet normal 0 0 1
    outer loop
      vertex 165 165.6 0
      vertex 170 170.3 0
      vertex 165 170.3 0
    endloop
  endfacet
  facet normal 0 0 1
    outer loop
      vertex 165 170.3 0
      vertex 170 170.3 0
      vertex 170 175 0
    endloop
  endfacet
  facet normal 0 0 1
    outer loop
      vertex 165 170.3 0
      vertex 170 175 0
      vertex 165 175 0
    endloop
  endfacet
  facet normal 0 0 1
    outer loop
      vertex 170 128 0
      vertex 175 128 0
      vertex 175 132.7 0
    endloop
  endfacet
  facet normal 0 0 1
    outer loop
      vertex 170 128 0
      vertex 175 132.7 0
      vertex 170 132.7 0
    endloop
  endfacet
  facet normal -0 0 1
    outer loop
      vertex 170 132.7 0
      vertex 175 132.7 0
      vertex 175 137.4 0
    endloop
  endfacet
  facet normal 0 0 1
    outer loop
      vertex 170 132.7 0
      vertex 175 137.4 0
      vertex 170 137.4 0
    endloop
  endfacet
  facet normal 0 0 1
    outer loop
      vertex 170 137.4 0
      vertex 175 137.4 0
      vertex 175 142.1 0
    endloop
  endfacet
  facet normal 0 0 1
    outer loop
      vertex 170 137.4 0
      vertex 175 142.1 0
      vertex 170 142.1 0
    endloop
  endfacet
  facet normal 0 0 1
    outer loop
      vertex 170 142.1 0
      vertex 175 142.1 0
      vertex 175 146.8 0
    endloop
  endfacet
  facet normal 0 0 1
    outer loop
      vertex 170 142.1 0
      vertex 175 146.8 0
      vertex 170 146.8 0
    endloop
  endfacet
  facet normal 0 0 1
    outer loop
      vertex 170 146.8 0
      vertex 175 146.8 0
      vertex 175 151.5 0
    endloop
  endfacet
  facet normal 0 0 1
    outer loop
      vertex 170 146.8 0
      vertex 175 151.5 0
      vertex 170 151.5 0
    endloop
  endfacet
  facet normal 0 0 1
    outer loop
      vertex 170 151.5 0
      vertex 175 151.5 0
      vertex 175 156.2 0
    endloop
  endfacet
  facet normal 0 0 1
    outer loop
      vertex 170 151.5 0
      vertex 175 156.2 0
      vertex 170 156.2 0
    endloop
  endfacet
  facet normal 0 0 1
    outer loop
      vertex 170 156.2 0
      vertex 175 156.2 0
      vertex 175 160.9 0
    endloop
  endfacet
  facet normal 0 0 1
    outer loop
      vertex 170 156.2 0
      vertex 175 160.9 0
      vertex 170 160.9 0
    endloop
  endfacet
  facet normal 0 0 1
    outer loop
      vertex 170 160.9 0
      vertex 175 160.9 0
      vertex 175 165.6 0
    endloop
  endfacet
  facet normal 0 0 1
    outer loop
      vertex 170 160.9 0
      vertex 175 165.6 0
      vertex 170 165.6 0
    endloop
  endfacet
  facet normal -0 0 1
    outer loop
      vertex 170 165.6 0
      vertex 175 165.6 0
      vertex 175 170.3 0
    endloop
  endfacet
  facet normal 0 0 1
    outer loop
      vertex 170 165.6 0
      vertex 175 170.3 0
      vertex 170 170.3 0
    endloop
  endfacet
  facet normal 0 0 1
    outer loop
      vertex 170 170.3 0
      vertex 175 170.3 0
      vertex 175 175 0
    endloop
  endfacet
  facet normal 0 0 1
    outer loop
      vertex 170 170.3 0
      vertex 175 175 0
      vertex 170 175 0
    endloop
  endfacet
  facet normal 0 0 1
    outer loop
      vertex 175 128 0
      vertex 180 128 0
      vertex 180 132.7 0
    endloop
  endfacet
  facet normal 0 0 1
    outer loop
      vertex 175 128 0
      vertex 180 132.7 0
      vertex 175 132.7 0
    endloop
  endfacet
  facet normal 0 0 1
    outer loop
      vertex 175 132.7 0
      vertex 180 132.7 0
      vertex 180 137.4 0
    endloop
  endfacet
  facet normal 0 0 1
    outer loop
      vertex 175 132.7 0
      vertex 180 137.4 0
      vertex 175 137.4 0
    endloop
  endfacet
  facet normal 0 0 1
    outer loop
      vertex 175 137.4 0
      vertex 180 137.4 0
      vertex 180 142.1 0
    endloop
  endfacet
  facet normal 0 0 1
    outer loop
      vertex 175 137.4 0
      vertex 180 142.1 0
      vertex 175 142.1 0
    endloop
  endfacet
  facet normal 0 0 1
    outer loop
      vertex 175 142.1 0
      vertex 180 142.1 0
      vertex 180 146.8 0
    endloop
  endfacet
  facet normal 0 0 1
    outer loop
      vertex 175 142.1 0
      vertex 180 146.8 0
      vertex 175 146.8 0
    endloop
  endfacet
  facet normal 0 0 1
    outer loop
      vertex 175 146.8 0
      vertex 180 146.8 0
      vertex 180 151.5 0
    endloop
  endfacet
  facet normal 0 0 1
    outer loop
      vertex 175 146.8 0
      vertex 180 151.5 0
      vertex 175 151.5 0
    endloop
  endfacet
  facet normal 0 0 1
    outer loop
      vertex 175 151.5 0
      vertex 180 151.5 0
      vertex 180 156.2 0
    endloop
  endfacet
  facet normal 0 0 1
    outer loop
      vertex 175 151.5 0
      vertex 180 156.2 0
      vertex 175 156.2 0
    endloop
  endfacet
  facet normal 0 0 1
    outer loop
      vertex 175 156.2 0
      vertex 180 156.2 0
      vertex 180 160.9 0
    endloop
  endfacet
  facet normal 0 0 1
    outer loop
      vertex 175 156.2 0
      vertex 180 160.9 0
      vertex 175 160.9 0
    endloop
  endfacet
  facet normal 0 0 1
    outer loop
      vertex 175 160.9 0
      vertex 180 160.9 0
      vertex 180 165.6 0
    endloop
  endfacet
  facet normal 0 0 1
    outer loop
      vertex 175 160.9 0
      vertex 180 165.6 0
      vertex 175 165.6 0
    endloop
  endfacet
  facet normal 0 0 1
    outer loop
      vertex 175 165.6 0
      vertex 180 165.6 0
      vertex 180 170.3 0
    endloop
  endfacet
  facet normal 0 0 1
    outer loop
      vertex 175 165.6 0
      vertex 180 170.3 0
      vertex 175 170.3 0
    endloop
  endfacet
  facet normal 0 0 1
    outer loop
      vertex 175 170.3 0
      vertex 180 170.3 0
      vertex 180 175 0
    endloop
  endfacet
  facet normal 0 0 1
    outer loop
      vertex 175 170.3 0
      vertex 180 175 0
      vertex 175 175 0
    endloop
  endfacet
  facet normal 0 0 1
    outer loop
      vertex 180 128 0
      vertex 185 128 0
      vertex 185 132.7 0
    endloop
  endfacet
  facet normal 0 0 1
    outer loop
      vertex 180 128 0
      vertex 185 132.7 0
      vertex 180 132.7 0
    endloop
  endfacet
  facet normal -0 0 1
    outer loop
      vertex 180 132.7 0
      vertex 185 132.7 0
      vertex 185 137.4 0
    endloop
  endfacet
  facet normal 0 0 1
    outer loop
      vertex 180 132.7 0
      vertex 185 137.4 0
      vertex 180 137.4 0
    endloop
  endfacet
  facet normal 0 0 1
    outer loop
      vertex 180 137.4 0
      vertex 185 137.4 0
      vertex 185 142.1 0
    endloop
  endfacet
  facet normal 0 0 1
    outer loop
      vertex 180 137.4 0
      vertex 185 142.1 0
      vertex 180 142.1 0
    endloop
  endfacet
  facet normal 0 0 1
    outer loop
      vertex 180 142.1 0
      vertex 185 142.1 0
      vertex 185 146.8 0
    endloop
  endfacet
  facet normal 0 0 1
    outer loop
      vertex 180 142.1 0
      vertex 185 146.8 0
      vertex 180 146.8 0
    endloop
  endfacet
  facet normal -0 0 1
    outer loop
      vertex 180 146.8 0
      vertex 185 146.8 0
      vertex 185 151.5 0
    endloop
  endfacet
  facet normal 0 0 1
    outer loop
      vertex 180 146.8 0
      vertex 185 151.5 0
      vertex 180 151.5 0
    endloop
  endfacet
  facet normal 0 0 1
    outer loop
      vertex 180 151.5 0
      vertex 185 151.5 0
      vertex 185 156.2 0
    endloop
  endfacet
  facet normal 0 0 1
    outer loop
      vertex 180 151.5 0
      vertex 185 156.2 0
      vertex 180 156.2 0
    endloop
  endfacet
  facet normal 0 0 1
    outer loop
      vertex 180 156.2 0
      vertex 185 156.2 0
      vertex 185 160.9 0
    endloop
  endfacet
  facet normal 0 0 1
    outer loop
      vertex 180 156.2 0
      vertex 185 160.9 0
      vertex 180 160.9 0
    endloop
  endfacet
  facet normal 0 0 1
    outer loop
      vertex 180 160.9 0
      vertex 185 160.9 0
      vertex 185 165.6 0
    endloop
  endfacet
  facet normal 0 0 1
    outer loop
      vertex 180 160.9 0
      vertex 185 165.6 0
      vertex 180 165.6 0
    endloop
  endfacet
  facet normal 0 0 1
    outer loop
      vertex 180 165.6 0
      vertex 185 165.6 0
      vertex 185 170.3 0
    endloop
  endfacet
  facet normal 0 0 1
    outer loop
      vertex 180 165.6 0
      vertex 185 170.3 0
      vertex 180 170.3 0
    endloop
  endfacet
  facet normal 0 0 1
    outer loop
      vertex 180 170.3 0
      vertex 185 170.3 0
      vertex 185 175 0
    endloop
  endfacet
  facet normal 0 0 1
    outer loop
      vertex 180 170.3 0
      vertex 185 175 0
      vertex 180 175 0
    endloop
  endfacet
  facet normal 0 0 1
    outer loop
      vertex 185 128 0
      vertex 190 128 0
      vertex 190 132.7 0
    endloop
  endfacet
  facet normal 0 0 1
    outer loop
      vertex 185 128 0
      vertex 190 132.7 0
      vertex 185 132.7 0
    endloop
  endfacet
  facet normal 0 0 1
    outer loop
      vertex 185 132.7 0
      vertex 190 132.7 0
      vertex 190 137.4 0
    endloop
  endfacet
  facet normal 0 0 1
    outer loop
      vertex 185 132.7 0
      vertex 190 137.4 0
      vertex 185 137.4 0
    endloop
  endfacet
  facet normal 0 0 1
    outer loop
      vertex 185 137.4 0
      vertex 190 137.4 0
      vertex 190 142.1 0
    endloop
  endfacet
  facet normal 0 -0 1
    outer loop
      vertex 185 137.4 0
      vertex 190 142.1 0
      vertex 185 142.1 0
    endloop
  endfacet
  facet normal 0 0 1
    outer loop
      vertex 185 142.1 0
      vertex 190 142.1 0
      vertex 190 146.8 0
    endloop
  endfacet
  facet normal 0 0 1
    outer loop
      vertex 185 142.1 0
      vertex 190 146.8 0
      vertex 185 146.8 0
    endloop
  endfacet
  facet normal 0 0 1
    outer loop
      vertex 185 146.8 0
      vertex 190 146.8 0
      vertex 190 151.5 0
    endloop
  endfacet
  facet normal 0 0 1
    outer loop
      vertex 185 146.8 0
      vertex 190 151.5 0
      vertex 185 151.5 0
    endloop
  endfacet
  facet normal -0 0 1
    outer loop
      vertex 185 151.5 0
      vertex 190 151.5 0
      vertex 190 156.2 0
    endloop
  endfacet
  facet normal 0 -0 1
    outer loop
      vertex 185 151.5 0
      vertex 190 156.2 0
      vertex 185 156.2 0
    endloop
  endfacet
  facet normal 0 0 1
    outer loop
      vertex 185 156.2 0
      vertex 190 156.2 0
      vertex 190 160.9 0
    endloop
  endfacet
  facet normal 0 0 1
    outer loop
      vertex 185 156.2 0
      vertex 190 160.9 0
      vertex 185 160.9 0
    endloop
  endfacet
  facet normal -0 0 1
    outer loop
      vertex 185 160.9 0
      vertex 190 160.9 0
      vertex 190 165.6 0
    endloop
  endfacet
  facet normal 0 0 1
    outer loop
      vertex 185 160.9 0
      vertex 190 165.6 0
      vertex 185 165.6 0
    endloop
  endfacet
  facet normal -0 0 1
    outer loop
      vertex 185 165.6 0
      vertex 190 165.6 0
      vertex 190 170.3 0
    endloop
  endfacet
  facet normal 0 0 1
    outer loop
      vertex 185 165.6 0
      vertex 190 170.3 0
      vertex 185 170.3 0
    endloop
  endfacet
  facet normal 0 0 1
    outer loop
      vertex 185 170.3 0
      vertex 190 170.3 0
      vertex 190 175 0
    endloop
  endfacet
  facet normal 0 0 1
    outer loop
      vertex 185 170.3 0
      vertex 190 175 0
      vertex 185 175 0
    endloop
  endfacet
  facet normal 0 0 1
    outer loop
      vertex 63 0 0
      vertex 67.7272727273 0 0
      vertex 67.7272727273 5 0
    endloop
  endfacet
  facet normal 0 0 1
    outer loop
      vertex 63 0 0
      vertex 67.7272727273 5 0
      vertex 63 5 0
    endloop
  endfacet
  facet normal 0 0 1
    outer loop
      vertex 63 5 0
      vertex 67.7272727273 5 0
      vertex 67.7272727273 10 0
    endloop
  endfacet
  facet normal 0 -0 1
    outer loop
      vertex 63 5 0
      vertex 67.7272727273 10 0
      vertex 63 10 0
    endloop
  endfacet
  facet normal 0 0 1
    outer loop
      vertex 63 10 0
      vertex 67.7272727273 10 0
      vertex 67.7272727273 15 0
    endloop
  endfacet
  facet normal 0 0 1
    outer loop
      vertex 63 10 0
      vertex 67.7272727273 15 0
      vertex 63 15 0
    endloop
  endfacet
  facet normal -0 0 1
    outer loop
      vertex 63 15 0
      vertex 67.7272727273 15 0
      vertex 67.7272727273 20 0
    endloop
  endfacet
  facet normal 0 0 1
    outer loop
      vertex 63 15 0
      vertex 67.7272727273 20 0
      vertex 63 20 0
    endloop
  endfacet
  facet normal 0 0 1
    outer loop
      vertex 63 20 0
      vertex 67.7272727273 20 0
      vertex 67.7272727273 25 0
    endloop
  endfacet
  facet normal 0 0 1
    outer loop
      vertex 63 20 0
      vertex 67.7272727273 25 0
      vertex 63 25 0
    endloop
  endfacet
  facet normal 0 0 1
    outer loop
      vertex 67.7272727273 0 0
      vertex 72.4545454545 0 0
      vertex 72.4545454545 5 0
    endloop
  endfacet
  facet normal 0 0 1
    outer loop
      vertex 67.7272727273 0 0
      vertex 72.4545454545 5 0
      vertex 67.7272727273 5 0
    endloop
  endfacet
  facet normal 0 0 1
    outer loop
      vertex 67.7272727273 5 0
      vertex 72.4545454545 5 0
      vertex 72.4545454545 10 0
    endloop
  endfacet
  facet normal 0 -0 1
    outer loop
      vertex 67.7272727273 5 0
      vertex 72.4545454545 10 0
      vertex 67.7272727273 10 0
    endloop
  endfacet
  facet normal 0 0 1
    outer loop
      vertex 67.7272727273 10 0
      vertex 72.4545454545 10 0
      vertex 72.4545454545 15 0
    endloop
  endfacet
  facet normal 0 0 1
    outer loop
      vertex 67.7272727273 10 0
      vertex 72.4545454545 15 0
      vertex 67.7272727273 15 0
    endloop
  endfacet
  facet normal 0 0 1
    outer loop
      vertex 67.7272727273 15 0
      vertex 72.4545454545 15 0
      vertex 72.4545454545 20 0
    endloop
  endfacet
  facet normal 0 0 1
    outer loop
      vertex 67.7272727273 15 0
      vertex 72.4545454545 20 0
      vertex 67.7272727273 20 0
    endloop
  endfacet
  facet normal 0 0 1
    outer loop
      vertex 67.7272727273 20 0
      vertex 72.4545454545 20 0
      vertex 72.4545454545 25 0
    endloop
  endfacet
  facet normal 0 0 1
    outer loop
      vertex 67.7272727273 20 0
      vertex 72.4545454545 25 0
      vertex 67.7272727273 25 0
    endloop
  endfacet
  facet normal 0 0 1
    outer loop
      vertex 72.4545454545 0 0
      vertex 77.1818181818 0 0
      vertex 77.1818181818 5 0
    endloop
  endfacet
  facet normal 0 0 1
    outer loop
      vertex 72.4545454545 0 0
      vertex 77.1818181818 5 0
      vertex 72.4545454545 5 0
    endloop
  endfacet
  facet normal 0 0 1
    outer loop
      vertex 72.4545454545 5 0
      vertex 77.1818181818 5 0
      vertex 77.1818181818 10 0
    endloop
  endfacet
  facet normal 0 0 1
    outer loop
      vertex 72.4545454545 5 0
      vertex 77.1818181818 10 0
      vertex 72.4545454545 10 0
    endloop
  endfacet
  facet normal 0 0 1
    outer loop
      vertex 72.4545454545 10 0
      vertex 77.1818181818 10 0
      vertex 77.1818181818 15 0
    endloop
  endfacet
  facet normal 0 0 1
    outer loop
      vertex 72.4545454545 10 0
      vertex 77.1818181818 15 0
      vertex 72.4545454545 15 0
    endloop
  endfacet
  facet normal 0 0 1
    outer loop
      vertex 72.4545454545 15 0
      vertex 77.1818181818 15 0
      vertex 77.1818181818 20 0
    endloop
  endfacet
  facet normal 0 0 1
    outer loop
      vertex 72.4545454545 15 0
      vertex 77.1818181818 20 0
      vertex 72.4545454545 20 0
    endloop
  endfacet
  facet normal 0 0 1
    outer loop
      vertex 72.4545454545 20 0
      vertex 77.1818181818 20 0
      vertex 77.1818181818 25 0
    endloop
  endfacet
  facet normal 0 0 1
    outer loop
      vertex 72.4545454545 20 0
      vertex 77.1818181818 25 0
      vertex 72.4545454545 25 0
    endloop
  endfacet
  facet normal 0 0 1
    outer loop
      vertex 77.1818181818 0 0
      vertex 81.9090909091 0 0
      vertex 81.9090909091 5 0
    endloop
  endfacet
  facet normal 0 0 1
    outer loop
      vertex 77.1818181818 0 0
      vertex 81.9090909091 5 0
      vertex 77.1818181818 5 0
    endloop
  endfacet
  facet normal 0 0 1
    outer loop
      vertex 77.1818181818 5 0
      vertex 81.9090909091 5 0
      vertex 81.9090909091 10 0
    endloop
  endfacet
  facet normal 0 0 1
    outer loop
      vertex 77.1818181818 5 0
      vertex 81.9090909091 10 0
      vertex 77.1818181818 10 0
    endloop
  endfacet
  facet normal 0 0 1
    outer loop
      vertex 77.1818181818 10 0
      vertex 81.9090909091 10 0
      vertex 81.9090909091 15 0
    endloop
  endfacet
  facet normal 0 -0 1
    outer loop
      vertex 77.1818181818 10 0
      vertex 81.9090909091 15 0
      vertex 77.1818181818 15 0
    endloop
  endfacet
  facet normal 0 0 1
    outer loop
      vertex 77.1818181818 15 0
      vertex 81.9090909091 15 0
      vertex 81.9090909091 20 0
    endloop
  endfacet
  facet normal 0 0 1
    outer loop
      vertex 77.1818181818 15 0
      vertex 81.9090909091 20 0
      vertex 77.1818181818 20 0
    endloop
  endfacet
  facet normal 0 0 1
    outer loop
      vertex 77.1818181818 20 0
      vertex 81.9090909091 20 0
      vertex 81.9090909091 25 0
    endloop
  endfacet
  facet normal 0 0 1
    outer loop
      vertex 77.1818181818 20 0
      vertex 81.9090909091 25 0
      vertex 77.1818181818 25 0
    endloop
  endfacet
  facet normal 0 0 1
    outer loop
      vertex 81.9090909091 0 0
      vertex 86.6363636364 0 0
      vertex 86.6363636364 5 0
    endloop
  endfacet
  facet normal 0 0 1
    outer loop
      vertex 81.9090909091 0 0
      vertex 86.6363636364 5 0
      vertex 81.9090909091 5 0
    endloop
  endfacet
  facet normal 0 0 1
    outer loop
      vertex 81.9090909091 5 0
      vertex 86.6363636364 5 0
      vertex 86.6363636364 10 0
    endloop
  endfacet
  facet normal 0 0 1
    outer loop
      vertex 81.9090909091 5 0
      vertex 86.6363636364 10 0
      vertex 81.9090909091 10 0
    endloop
  endfacet
  facet normal 0 0 1
    outer loop
      vertex 81.9090909091 10 0
      vertex 86.6363636364 10 0
      vertex 86.6363636364 15 0
    endloop
  endfacet
  facet normal 0 0 1
    outer loop
      vertex 81.9090909091 10 0
      vertex 86.6363636364 15 0
      vertex 81.9090909091 15 0
    endloop
  endfacet
  facet normal -0 0 1
    outer loop
      vertex 81.9090909091 15 0
      vertex 86.6363636364 15 0
      vertex 86.6363636364 20 0
    endloop
  endfacet
  facet normal 0 0 1
    outer loop
      vertex 81.9090909091 15 0
      vertex 86.6363636364 20 0
      vertex 81.9090909091 20 0
    endloop
  endfacet
  facet normal 0 0 1
    outer loop
      vertex 81.9090909091 20 0
      vertex 86.6363636364 20 0
      vertex 86.6363636364 25 0
    endloop
  endfacet
  facet normal 0 0 1
    outer loop
      vertex 81.9090909091 20 0
      vertex 86.6363636364 25 0
      vertex 81.9090909091 25 0
    endloop
  endfacet
  facet normal 0 0 1
    outer loop
      vertex 86.6363636364 0 0
      vertex 91.3636363636 0 0
      vertex 91.3636363636 5 0
    endloop
  endfacet
  facet normal 0 0 1
    outer loop
      vertex 86.6363636364 0 0
      vertex 91.3636363636 5 0
      vertex 86.6363636364 5 0
    endloop
  endfacet
  facet normal 0 0 1
    outer loop
      vertex 86.6363636364 5 0
      vertex 91.3636363636 5 0
      vertex 91.3636363636 10 0
    endloop
  endfacet
  facet normal 0 -0 1
    outer loop
      vertex 86.6363636364 5 0
      vertex 91.3636363636 10 0
      vertex 86.6363636364 10 0
    endloop
  endfacet
  facet normal 0 0 1
    outer loop
      vertex 86.6363636364 10 0
      vertex 91.3636363636 10 0
      vertex 91.3636363636 15 0
    endloop
  endfacet
  facet normal 0 0 1
    outer loop
      vertex 86.6363636364 10 0
      vertex 91.3636363636 15 0
      vertex 86.6363636364 15 0
    endloop
  endfacet
  facet normal 0 0 1
    outer loop
      vertex 86.6363636364 15 0
      vertex 91.3636363636 15 0
      vertex 91.3636363636 20 0
    endloop
  endfacet
  facet normal 0 0 1
    outer loop
      vertex 86.6363636364 15 0
      vertex 91.3636363636 20 0
      vertex 86.6363636364 20 0
    endloop
  endfacet
  facet normal 0 0 1
    outer loop
      vertex 86.6363636364 20 0
      vertex 91.3636363636 20 0
      vertex 91.3636363636 25 0
    endloop
  endfacet
  facet normal 0 0 1
    outer loop
      vertex 86.6363636364 20 0
      vertex 91.3636363636 25 0
      vertex 86.6363636364 25 0
    endloop
  endfacet
  facet normal 0 0 1
    outer loop
      vertex 91.3636363636 0 0
      vertex 96.0909090909 0 0
      vertex 96.0909090909 5 0
    endloop
  endfacet
  facet normal 0 0 1
    outer loop
      vertex 91.3636363636 0 0
      vertex 96.0909090909 5 0
      vertex 91.3636363636 5 0
    endloop
  endfacet
  facet normal 0 0 1
    outer loop
      vertex 91.3636363636 5 0
      vertex 96.0909090909 5 0
      vertex 96.0909090909 10 0
    endloop
  endfacet
  facet normal 0 -0 1
    outer loop
      vertex 91.3636363636 5 0
      vertex 96.0909090909 10 0
      vertex 91.3636363636 10 0
    endloop
  endfacet
  facet normal 0 0 1
    outer loop
      vertex 91.3636363636 10 0
      vertex 96.0909090909 10 0
      vertex 96.0909090909 15 0
    endloop
  endfacet
  facet normal 0 0 1
    outer loop
      vertex 91.3636363636 10 0
      vertex 96.0909090909 15 0
      vertex 91.3636363636 15 0
    endloop
  endfacet
  facet normal 0 0 1
    outer loop
      vertex 91.3636363636 15 0
      vertex 96.0909090909 15 0
      vertex 96.0909090909 20 0
    endloop
  endfacet
  facet normal 0 -0 1
    outer loop
      vertex 91.3636363636 15 0
      vertex 96.0909090909 20 0
      vertex 91.3636363636 20 0
    endloop
  endfacet
  facet normal 0 0 1
    outer loop
      vertex 91.3636363636 20 0
      vertex 96.0909090909 20 0
      vertex 96.0909090909 25 0
    endloop
  endfacet
  facet normal 0 0 1
    outer loop
      vertex 91.3636363636 20 0
      vertex 96.0909090909 25 0
      vertex 91.3636363636 25 0
    endloop
  endfacet
  facet normal 0 0 1
    outer loop
      vertex 96.0909090909 0 0
      vertex 100.818181818 0 0
      vertex 100.818181818 5 0
    endloop
  endfacet
  facet normal 0 0 1
    outer loop
      vertex 96.0909090909 0 0
      vertex 100.818181818 5 0
      vertex 96.0909090909 5 0
    endloop
  endfacet
  facet normal 0 0 1
    outer loop
      vertex 96.0909090909 5 0
      vertex 100.818181818 5 0
      vertex 100.818181818 10 0
    endloop
  endfacet
  facet normal 0 -0 1
    outer loop
      vertex 96.0909090909 5 0
      vertex 100.818181818 10 0
      vertex 96.0909090909 10 0
    endloop
  endfacet
  facet normal 0 0 1
    outer loop
      vertex 96.0909090909 10 0
      vertex 100.818181818 10 0
      vertex 100.818181818 15 0
    endloop
  endfacet
  facet normal 0 0 1
    outer loop
      vertex 96.0909090909 10 0
      vertex 100.818181818 15 0
      vertex 96.0909090909 15 0
    endloop
  endfacet
  facet normal -0 0 1
    outer loop
      vertex 96.0909090909 15 0
      vertex 100.818181818 15 0
      vertex 100.818181818 20 0
    endloop
  endfacet
  facet normal 0 0 1
    outer loop
      vertex 96.0909090909 15 0
      vertex 100.818181818 20 0
      vertex 96.0909090909 20 0
    endloop
  endfacet
  facet normal 0 0 1
    outer loop
      vertex 96.0909090909 20 0
      vertex 100.818181818 20 0
      vertex 100.818181818 25 0
    endloop
  endfacet
  facet normal 0 0 1
    outer loop
      vertex 96.0909090909 20 0
      vertex 100.818181818 25 0
      vertex 96.0909090909 25 0
    endloop
  endfacet
  facet normal 0 0 1
    outer loop
      vertex 100.818181818 0 0
      vertex 105.545454545 0 0
      vertex 105.545454545 5 0
    endloop
  endfacet
  facet normal 0 0 1
    outer loop
      vertex 100.818181818 0 0
      vertex 105.545454545 5 0
      vertex 100.818181818 5 0
    endloop
  endfacet
  facet normal 0 0 1
    outer loop
      vertex 100.818181818 5 0
      vertex 105.545454545 5 0
      vertex 105.545454545 10 0
    endloop
  endfacet
  facet normal 0 -0 1
    outer loop
      vertex 100.818181818 5 0
      vertex 105.545454545 10 0
      vertex 100.818181818 10 0
    endloop
  endfacet
  facet normal 0 0 1
    outer loop
      vertex 100.818181818 10 0
      vertex 105.545454545 10 0
      vertex 105.545454545 15 0
    endloop
  endfacet
  facet normal 0 0 1
    outer loop
      vertex 100.818181818 10 0
      vertex 105.545454545 15 0
      vertex 100.818181818 15 0
    endloop
  endfacet
  facet normal 0 0 1
    outer loop
      vertex 100.818181818 15 0
      vertex 105.545454545 15 0
      vertex 105.545454545 20 0
    endloop
  endfacet
  facet normal 0 0 1
    outer loop
      vertex 100.818181818 15 0
      vertex 105.545454545 20 0
      vertex 100.818181818 20 0
    endloop
  endfacet
  facet normal 0 0 1
    outer loop
      vertex 100.818181818 20 0
      vertex 105.545454545 20 0
      vertex 105.545454545 25 0
    endloop
  endfacet
  facet normal 0 -0 1
    outer loop
      vertex 100.818181818 20 0
      vertex 105.545454545 25 0
      vertex 100.818181818 25 0
    endloop
  endfacet
  facet normal 0 0 1
    outer loop
      vertex 105.545454545 0 0
      vertex 110.272727273 0 0
      vertex 110.272727273 5 0
    endloop
  endfacet
  facet normal 0 0 1
    outer loop
      vertex 105.545454545 0 0
      vertex 110.272727273 5 0
      vertex 105.545454545 5 0
    endloop
  endfacet
  facet normal 0 0 1
    outer loop
      vertex 105.545454545 5 0
      vertex 110.272727273 5 0
      vertex 110.272727273 10 0
    endloop
  endfacet
  facet normal 0 0 1
    outer loop
      vertex 105.545454545 5 0
      vertex 110.272727273 10 0
      vertex 105.545454545 10 0
    endloop
  endfacet
  facet normal 0 0 1
    outer loop
      vertex 105.545454545 10 0
      vertex 110.272727273 10 0
      vertex 110.272727273 15 0
    endloop
  endfacet
  facet normal 0 0 1
    outer loop
      vertex 105.545454545 10 0
      vertex 110.272727273 15 0
      vertex 105.545454545 15 0
    endloop
  endfacet
  facet normal 0 0 1
    outer loop
      vertex 105.545454545 15 0
      vertex 110.272727273 15 0
      vertex 110.272727273 20 0
    endloop
  endfacet
  facet normal 0 0 1
    outer loop
      vertex 105.545454545 15 0
      vertex 110.272727273 20 0
      vertex 105.545454545 20 0
    endloop
  endfacet
  facet normal 0 0 1
    outer loop
      vertex 105.545454545 20 0
      vertex 110.272727273 20 0
      vertex 110.272727273 25 0
    endloop
  endfacet
  facet normal 0 0 1
    outer loop
      vertex 105.545454545 20 0
      vertex 110.272727273 25 0
      vertex 105.545454545 25 0
    endloop
  endfacet
  facet normal 0 0 1
    outer loop
      vertex 110.272727273 0 0
      vertex 115 0 0
      vertex 115 5 0
    endloop
  endfacet
  facet normal 0 -0 1
    outer loop
      vertex 110.272727273 0 0
      vertex 115 5 0
      vertex 110.272727273 5 0
    endloop
  endfacet
  facet normal -0 0 1
    outer loop
      vertex 110.272727273 5 0
      vertex 115 5 0
      vertex 115 10 0
    endloop
  endfacet
  facet normal 0 0 1
    outer loop
      vertex 110.272727273 5 0
      vertex 115 10 0
      vertex 110.272727273 10 0
    endloop
  endfacet
  facet normal -0 0 1
    outer loop
      vertex 110.272727273 10 0
      vertex 115 10 0
      vertex 115 15 0
    endloop
  endfacet
  facet normal 0 0 1
    outer loop
      vertex 110.272727273 10 0
      vertex 115 15 0
      vertex 110.272727273 15 0
    endloop
  endfacet
  facet normal 0 0 1
    outer loop
      vertex 110.272727273 15 0
      vertex 115 15 0
      vertex 115 20 0
    endloop
  endfacet
  facet normal 0 0 1
    outer loop
      vertex 110.272727273 15 0
      vertex 115 20 0
      vertex 110.272727273 20 0
    endloop
  endfacet
  facet normal -0 0 1
    outer loop
      vertex 110.272727273 20 0
      vertex 115 20 0
      vertex 115 25 0
    endloop
  endfacet
  facet normal 0 0 1
    outer loop
      vertex 110.272727273 20 0
      vertex 115 25 0
      vertex 110.272727273 25 0
    endloop
  endfacet
  facet normal 0 0 1
    outer loop
      vertex 0 68 0
      vertex 5 68 0
      vertex 5 72.7272727273 0
    endloop
  endfacet
  facet normal 0 0 1
    outer loop
      vertex 0 68 0
      vertex 5 72.7272727273 0
      vertex 0 72.7272727273 0
    endloop
  endfacet
  facet normal 0 0 1
    outer loop
      vertex 0 72.7272727273 0
      vertex 5 72.7272727273 0
      vertex 5 77.4545454545 0
    endloop
  endfacet
  facet normal 0 0 1
    outer loop
      vertex 0 72.7272727273 0
      vertex 5 77.4545454545 0
      vertex 0 77.4545454545 0
    endloop
  endfacet
  facet normal 0 0 1
    outer loop
      vertex 0 77.4545454545 0
      vertex 5 77.4545454545 0
      vertex 5 82.1818181818 0
    endloop
  endfacet
  facet normal 0 0 1
    outer loop
      vertex 0 77.4545454545 0
      vertex 5 82.1818181818 0
      vertex 0 82.1818181818 0
    endloop
  endfacet
  facet normal 0 0 1
    outer loop
      vertex 0 82.1818181818 0
      vertex 5 82.1818181818 0
      vertex 5 86.9090909091 0
    endloop
  endfacet
  facet normal 0 0 1
    outer loop
      vertex 0 82.1818181818 0
      vertex 5 86.9090909091 0
      vertex 0 86.9090909091 0
    endloop
  endfacet
  facet normal 0 0 1
    outer loop
      vertex 0 86.9090909091 0
      vertex 5 86.9090909091 0
      vertex 5 91.6363636364 0
    endloop
  endfacet
  facet normal 0 0 1
    outer loop
      vertex 0 86.9090909091 0
      vertex 5 91.6363636364 0
      vertex 0 91.6363636364 0
    endloop
  endfacet
  facet normal 0 0 1
    outer loop
      vertex 0 91.6363636364 0
      vertex 5 91.6363636364 0
      vertex 5 96.3636363636 0
    endloop
  endfacet
  facet normal 0 0 1
    outer loop
      vertex 0 91.6363636364 0
      vertex 5 96.3636363636 0
      vertex 0 96.3636363636 0
    endloop
  endfacet
  facet normal -0 0 1
    outer loop
      vertex 0 96.3636363636 0
      vertex 5 96.3636363636 0
      vertex 5 101.090909091 0
    endloop
  endfacet
  facet normal 0 0 1
    outer loop
      vertex 0 96.3636363636 0
      vertex 5 101.090909091 0
      vertex 0 101.090909091 0
    endloop
  endfacet
  facet normal -0 0 1
    outer loop
      vertex 0 101.090909091 0
      vertex 5 101.090909091 0
      vertex 5 105.818181818 0
    endloop
  endfacet
  facet normal 0 0 1
    outer loop
      vertex 0 101.090909091 0
      vertex 5 105.818181818 0
      vertex 0 105.818181818 0
    endloop
  endfacet
  facet normal -0 0 1
    outer loop
      vertex 0 105.818181818 0
      vertex 5 105.818181818 0
      vertex 5 110.545454545 0
    endloop
  endfacet
  facet normal 0 0 1
    outer loop
      vertex 0 105.818181818 0
      vertex 5 110.545454545 0
      vertex 0 110.545454545 0
    endloop
  endfacet
  facet normal 0 0 1
    outer loop
      vertex 0 110.545454545 0
      vertex 5 110.545454545 0
      vertex 5 115.272727273 0
    endloop
  endfacet
  facet normal 0 0 1
    outer loop
      vertex 0 110.545454545 0
      vertex 5 115.272727273 0
      vertex 0 115.272727273 0
    endloop
  endfacet
  facet normal -0 0 1
    outer loop
      vertex 0 115.272727273 0
      vertex 5 115.272727273 0
      vertex 5 120 0
    endloop
  endfacet
  facet normal 0 0 1
    outer loop
      vertex 0 115.272727273 0
      vertex 5 120 0
      vertex 0 120 0
    endloop
  endfacet
  facet normal 0 0 1
    outer loop
      vertex 5 68 0
      vertex 10 68 0
      vertex 10 72.7272727273 0
    endloop
  endfacet
  facet normal 0 0 1
    outer loop
      vertex 5 68 0
      vertex 10 72.7272727273 0
      vertex 5 72.7272727273 0
    endloop
  endfacet
  facet normal 0 0 1
    outer loop
      vertex 5 72.7272727273 0
      vertex 10 72.7272727273 0
      vertex 10 77.4545454545 0
    endloop
  endfacet
  facet normal 0 0 1
    outer loop
      vertex 5 72.7272727273 0
      vertex 10 77.4545454545 0
      vertex 5 77.4545454545 0
    endloop
  endfacet
  facet normal -0 0 1
    outer loop
      vertex 5 77.4545454545 0
      vertex 10 77.4545454545 0
      vertex 10 82.1818181818 0
    endloop
  endfacet
  facet normal 0 0 1
    outer loop
      vertex 5 77.4545454545 0
      vertex 10 82.1818181818 0
      vertex 5 82.1818181818 0
    endloop
  endfacet
  facet normal -0 0 1
    outer loop
      vertex 5 82.1818181818 0
      vertex 10 82.1818181818 0
      vertex 10 86.9090909091 0
    endloop
  endfacet
  facet normal 0 0 1
    outer loop
      vertex 5 82.1818181818 0
      vertex 10 86.9090909091 0
      vertex 5 86.9090909091 0
    endloop
  endfacet
  facet normal 0 0 1
    outer loop
      vertex 5 86.9090909091 0
      vertex 10 86.9090909091 0
      vertex 10 91.6363636364 0
    endloop
  endfacet
  facet normal 0 0 1
    outer loop
      vertex 5 86.9090909091 0
      vertex 10 91.6363636364 0
      vertex 5 91.6363636364 0
    endloop
  endfacet
  facet normal 0 0 1
    outer loop
      vertex 5 91.6363636364 0
      vertex 10 91.6363636364 0
      vertex 10 96.3636363636 0
    endloop
  endfacet
  facet normal 0 0 1
    outer loop
      vertex 5 91.6363636364 0
      vertex 10 96.3636363636 0
      vertex 5 96.3636363636 0
    endloop
  endfacet
  facet normal 0 0 1
    outer loop
      vertex 5 96.3636363636 0
      vertex 10 96.3636363636 0
      vertex 10 101.090909091 0
    endloop
  endfacet
  facet normal 0 0 1
    outer loop
      vertex 5 96.3636363636 0
      vertex 10 101.090909091 0
      vertex 5 101.090909091 0
    endloop
  endfacet
  facet normal 0 0 1
    outer loop
      vertex 5 101.090909091 0
      vertex 10 101.090909091 0
      vertex 10 105.818181818 0
    endloop
  endfacet
  facet normal 0 0 1
    outer loop
      vertex 5 101.090909091 0
      vertex 10 105.818181818 0
      vertex 5 105.818181818 0
    endloop
  endfacet
  facet normal 0 0 1
    outer loop
      vertex 5 105.818181818 0
      vertex 10 105.818181818 0
      vertex 10 110.545454545 0
    endloop
  endfacet
  facet normal 0 0 1
    outer loop
      vertex 5 105.818181818 0
      vertex 10 110.545454545 0
      vertex 5 110.545454545 0
    endloop
  endfacet
  facet normal 0 0 1
    outer loop
      vertex 5 110.545454545 0
      vertex 10 110.545454545 0
      vertex 10 115.272727273 0
    endloop
  endfacet
  facet normal 0 0 1
    outer loop
      vertex 5 110.545454545 0
      vertex 10 115.272727273 0
      vertex 5 115.272727273 0
    endloop
  endfacet
  facet normal 0 0 1
    outer loop
      vertex 5 115.272727273 0
      vertex 10 115.272727273 0
      vertex 10 120 0
    endloop
  endfacet
  facet normal 0 -0 1
    outer loop
      vertex 5 115.272727273 0
      vertex 10 120 0
      vertex 5 120 0
    endloop
  endfacet
  facet normal 0 0 1
    outer loop
      vertex 10 68 0
      vertex 15 68 0
      vertex 15 72.7272727273 0
    endloop
  endfacet
  facet normal 0 0 1
    outer loop
      vertex 10 68 0
      vertex 15 72.7272727273 0
      vertex 10 72.7272727273 0
    endloop
  endfacet
  facet normal 0 0 1
    outer loop
      vertex 10 72.7272727273 0
      vertex 15 72.7272727273 0
      vertex 15 77.4545454545 0
    endloop
  endfacet
  facet normal 0 0 1
    outer loop
      vertex 10 72.7272727273 0
      vertex 15 77.4545454545 0
      vertex 10 77.4545454545 0
    endloop
  endfacet
  facet normal 0 0 1
    outer loop
      vertex 10 77.4545454545 0
      vertex 15 77.4545454545 0
      vertex 15 82.1818181818 0
    endloop
  endfacet
  facet normal 0 0 1
    outer loop
      vertex 10 77.4545454545 0
      vertex 15 82.1818181818 0
      vertex 10 82.1818181818 0
    endloop
  endfacet
  facet normal 0 0 1
    outer loop
      vertex 10 82.1818181818 0
      vertex 15 82.1818181818 0
      vertex 15 86.9090909091 0
    endloop
  endfacet
  facet normal 0 0 1
    outer loop
      vertex 10 82.1818181818 0
      vertex 15 86.9090909091 0
      vertex 10 86.9090909091 0
    endloop
  endfacet
  facet normal 0 0 1
    outer loop
      vertex 10 86.9090909091 0
      vertex 15 86.9090909091 0
      vertex 15 91.6363636364 0
    endloop
  endfacet
  facet normal 0 0 1
    outer loop
      vertex 10 86.9090909091 0
      vertex 15 91.6363636364 0
      vertex 10 91.6363636364 0
    endloop
  endfacet
  facet normal 0 0 1
    outer loop
      vertex 10 91.6363636364 0
      vertex 15 91.6363636364 0
      vertex 15 96.3636363636 0
    endloop
  endfacet
  facet normal 0 0 1
    outer loop
      vertex 10 91.6363636364 0
      vertex 15 96.3636363636 0
      vertex 10 96.3636363636 0
    endloop
  endfacet
  facet normal 0 0 1
    outer loop
      vertex 10 96.3636363636 0
      vertex 15 96.3636363636 0
      vertex 15 101.090909091 0
    endloop
  endfacet
  facet normal 0 0 1
    outer loop
      vertex 10 96.3636363636 0
      vertex 15 101.090909091 0
      vertex 10 101.090909091 0
    endloop
  endfacet
  facet normal 0 0 1
    outer loop
      vertex 10 101.090909091 0
      vertex 15 101.090909091 0
      vertex 15 105.818181818 0
    endloop
  endfacet
  facet normal 0 0 1
    outer loop
      vertex 10 101.090909091 0
      vertex 15 105.818181818 0
      vertex 10 105.818181818 0
    endloop
  endfacet
  facet normal 0 0 1
    outer loop
      vertex 10 105.818181818 0
      vertex 15 105.818181818 0
      vertex 15 110.545454545 0
    endloop
  endfacet
  facet normal 0 0 1
    outer loop
      vertex 10 105.818181818 0
      vertex 15 110.545454545 0
      vertex 10 110.545454545 0
    endloop
  endfacet
  facet normal 0 0 1
    outer loop
      vertex 10 110.545454545 0
      vertex 15 110.545454545 0
      vertex 15 115.272727273 0
    endloop
  endfacet
  facet normal 0 0 1
    outer loop
      vertex 10 110.545454545 0
      vertex 15 115.272727273 0
      vertex 10 115.272727273 0
    endloop
  endfacet
  facet normal 0 0 1
    outer loop
      vertex 10 115.272727273 0
      vertex 15 115.272727273 0
      vertex 15 120 0
    endloop
  endfacet
  facet normal 0 -0 1
    outer loop
      vertex 10 115.272727273 0
      vertex 15 120 0
      vertex 10 120 0
    endloop
  endfacet
  facet normal 0 0 1
    outer loop
      vertex 15 68 0
      vertex 20 68 0
      vertex 20 72.7272727273 0
    endloop
  endfacet
  facet normal 0 0 1
    outer loop
      vertex 15 68 0
      vertex 20 72.7272727273 0
      vertex 15 72.7272727273 0
    endloop
  endfacet
  facet normal 0 0 1
    outer loop
      vertex 15 72.7272727273 0
      vertex 20 72.7272727273 0
      vertex 20 77.4545454545 0
    endloop
  endfacet
  facet normal 0 0 1
    outer loop
      vertex 15 72.7272727273 0
      vertex 20 77.4545454545 0
      vertex 15 77.4545454545 0
    endloop
  endfacet
  facet normal 0 0 1
    outer loop
      vertex 15 77.4545454545 0
      vertex 20 77.4545454545 0
      vertex 20 82.1818181818 0
    endloop
  endfacet
  facet normal 0 0 1
    outer loop
      vertex 15 77.4545454545 0
      vertex 20 82.1818181818 0
      vertex 15 82.1818181818 0
    endloop
  endfacet
  facet normal -0 0 1
    outer loop
      vertex 15 82.1818181818 0
      vertex 20 82.1818181818 0
      vertex 20 86.9090909091 0
    endloop
  endfacet
  facet normal 0 0 1
    outer loop
      vertex 15 82.1818181818 0
      vertex 20 86.9090909091 0
      vertex 15 86.9090909091 0
    endloop
  endfacet
  facet normal 0 0 1
    outer loop
      vertex 15 86.9090909091 0
      vertex 20 86.9090909091 0
      vertex 20 91.6363636364 0
    endloop
  endfacet
  facet normal 0 -0 1
    outer loop
      vertex 15 86.9090909091 0
      vertex 20 91.6363636364 0
      vertex 15 91.6363636364 0
    endloop
  endfacet
  facet normal 0 0 1
    outer loop
      vertex 15 91.6363636364 0
      vertex 20 91.6363636364 0
      vertex 20 96.3636363636 0
    endloop
  endfacet
  facet normal 0 0 1
    outer loop
      vertex 15 91.6363636364 0
      vertex 20 96.3636363636 0
      vertex 15 96.3636363636 0
    endloop
  endfacet
  facet normal 0 0 1
    outer loop
      vertex 15 96.3636363636 0
      vertex 20 96.3636363636 0
      vertex 20 101.090909091 0
    endloop
  endfacet
  facet normal 0 0 1
    outer loop
      vertex 15 96.3636363636 0
      vertex 20 101.090909091 0
      vertex 15 101.090909091 0
    endloop
  endfacet
  facet normal 0 0 1
    outer loop
      vertex 15 101.090909091 0
      vertex 20 101.090909091 0
      vertex 20 105.818181818 0
    endloop
  endfacet
  facet normal 0 -0 1
    outer loop
      vertex 15 101.090909091 0
      vertex 20 105.818181818 0
      vertex 15 105.818181818 0
    endloop
  endfacet
  facet normal 0 0 1
    outer loop
      vertex 15 105.818181818 0
      vertex 20 105.818181818 0
      vertex 20 110.545454545 0
    endloop
  endfacet
  facet normal 0 0 1
    outer loop
      vertex 15 105.818181818 0
      vertex 20 110.545454545 0
      vertex 15 110.545454545 0
    endloop
  endfacet
  facet normal 0 0 1
    outer loop
      vertex 15 110.545454545 0
      vertex 20 110.545454545 0
      vertex 20 115.272727273 0
    endloop
  endfacet
  facet normal 0 -0 1
    outer loop
      vertex 15 110.545454545 0
      vertex 20 115.272727273 0
      vertex 15 115.272727273 0
    endloop
  endfacet
  facet normal -0 0 1
    outer loop
      vertex 15 115.272727273 0
      vertex 20 115.272727273 0
      vertex 20 120 0
    endloop
  endfacet
  facet normal 0 0 1
    outer loop
      vertex 15 115.272727273 0
      vertex 20 120 0
      vertex 15 120 0
    endloop
  endfacet
  facet normal 0 0 1
    outer loop
      vertex 20 68 0
      vertex 25 68 0
      vertex 25 72.7272727273 0
    endloop
  endfacet
  facet normal 0 0 1
    outer loop
      vertex 20 68 0
      vertex 25 72.7272727273 0
      vertex 20 72.7272727273 0
    endloop
  endfacet
  facet normal 0 0 1
    outer loop
      vertex 20 72.7272727273 0
      vertex 25 72.7272727273 0
      vertex 25 77.4545454545 0
    endloop
  endfacet
  facet normal 0 0 1
    outer loop
      vertex 20 72.7272727273 0
      vertex 25 77.4545454545 0
      vertex 20 77.4545454545 0
    endloop
  endfacet
  facet normal 0 0 1
    outer loop
      vertex 20 77.4545454545 0
      vertex 25 77.4545454545 0
      vertex 25 82.1818181818 0
    endloop
  endfacet
  facet normal 0 0 1
    outer loop
      vertex 20 77.4545454545 0
      vertex 25 82.1818181818 0
      vertex 20 82.1818181818 0
    endloop
  endfacet
  facet normal 0 0 1
    outer loop
      vertex 20 82.1818181818 0
      vertex 25 82.1818181818 0
      vertex 25 86.9090909091 0
    endloop
  endfacet
  facet normal 0 0 1
    outer loop
      vertex 20 82.1818181818 0
      vertex 25 86.9090909091 0
      vertex 20 86.9090909091 0
    endloop
  endfacet
  facet normal 0 0 1
    outer loop
      vertex 20 86.9090909091 0
      vertex 25 86.9090909091 0
      vertex 25 91.6363636364 0
    endloop
  endfacet
  facet normal 0 0 1
    outer loop
      vertex 20 86.9090909091 0
      vertex 25 91.6363636364 0
      vertex 20 91.6363636364 0
    endloop
  endfacet
  facet normal 0 0 1
    outer loop
      vertex 20 91.6363636364 0
      vertex 25 91.6363636364 0
      vertex 25 96.3636363636 0
    endloop
  endfacet
  facet normal 0 0 1
    outer loop
      vertex 20 91.6363636364 0
      vertex 25 96.3636363636 0
      vertex 20 96.3636363636 0
    endloop
  endfacet
  facet normal -0 0 1
    outer loop
      vertex 20 96.3636363636 0
      vertex 25 96.3636363636 0
      vertex 25 101.090909091 0
    endloop
  endfacet
  facet normal 0 0 1
    outer loop
      vertex 20 96.3636363636 0
      vertex 25 101.090909091 0
      vertex 20 101.090909091 0
    endloop
  endfacet
  facet normal -0 0 1
    outer loop
      vertex 20 101.090909091 0
      vertex 25 101.090909091 0
      vertex 25 105.818181818 0
    endloop
  endfacet
  facet normal 0 0 1
    outer loop
      vertex 20 101.090909091 0
      vertex 25 105.818181818 0
      vertex 20 105.818181818 0
    endloop
  endfacet
  facet normal 0 0 1
    outer loop
      vertex 20 105.818181818 0
      vertex 25 105.818181818 0
      vertex 25 110.545454545 0
    endloop
  endfacet
  facet normal 0 0 1
    outer loop
      vertex 20 105.818181818 0
      vertex 25 110.545454545 0
      vertex 20 110.545454545 0
    endloop
  endfacet
  facet normal 0 0 1
    outer loop
      vertex 20 110.545454545 0
      vertex 25 110.545454545 0
      vertex 25 115.272727273 0
    endloop
  endfacet
  facet normal 0 0 1
    outer loop
      vertex 20 110.545454545 0
      vertex 25 115.272727273 0
      vertex 20 115.272727273 0
    endloop
  endfacet
  facet normal 0 0 1
    outer loop
      vertex 20 115.272727273 0
      vertex 25 115.272727273 0
      vertex 25 120 0
    endloop
  endfacet
  facet normal 0 -0 1
    outer loop
      vertex 20 115.272727273 0
      vertex 25 120 0
      vertex 20 120 0
    endloop
  endfacet
  facet normal 0 0 1
    outer loop
      vertex 25 68 0
      vertex 30 68 0
      vertex 30 72.7272727273 0
    endloop
  endfacet
  facet normal 0 0 1
    outer loop
      vertex 25 68 0
      vertex 30 72.7272727273 0
      vertex 25 72.7272727273 0
    endloop
  endfacet
  facet normal 0 0 1
    outer loop
      vertex 25 72.7272727273 0
      vertex 30 72.7272727273 0
      vertex 30 77.4545454545 0
    endloop
  endfacet
  facet normal 0 0 1
    outer loop
      vertex 25 72.7272727273 0
      vertex 30 77.4545454545 0
      vertex 25 77.4545454545 0
    endloop
  endfacet
  facet normal 0 0 1
    outer loop
      vertex 25 77.4545454545 0
      vertex 30 77.4545454545 0
      vertex 30 82.1818181818 0
    endloop
  endfacet
  facet normal 0 0 1
    outer loop
      vertex 25 77.4545454545 0
      vertex 30 82.1818181818 0
      vertex 25 82.1818181818 0
    endloop
  endfacet
  facet normal 0 0 1
    outer loop
      vertex 25 82.1818181818 0
      vertex 30 82.1818181818 0
      vertex 30 86.9090909091 0
    endloop
  endfacet
  facet normal 0 0 1
    outer loop
      vertex 25 82.1818181818 0
      vertex 30 86.9090909091 0
      vertex 25 86.9090909091 0
    endloop
  endfacet
  facet normal 0 0 1
    outer loop
      vertex 25 86.9090909091 0
      vertex 30 86.9090909091 0
      vertex 30 91.6363636364 0
    endloop
  endfacet
  facet normal 0 0 1
    outer loop
      vertex 25 86.9090909091 0
      vertex 30 91.6363636364 0
      vertex 25 91.6363636364 0
    endloop
  endfacet
  facet normal 0 0 1
    outer loop
      vertex 25 91.6363636364 0
      vertex 30 91.6363636364 0
      vertex 30 96.3636363636 0
    endloop
  endfacet
  facet normal 0 0 1
    outer loop
      vertex 25 91.6363636364 0
      vertex 30 96.3636363636 0
      vertex 25 96.3636363636 0
    endloop
  endfacet
  facet normal 0 0 1
    outer loop
      vertex 25 96.3636363636 0
      vertex 30 96.3636363636 0
      vertex 30 101.090909091 0
    endloop
  endfacet
  facet normal 0 0 1
    outer loop
      vertex 25 96.3636363636 0
      vertex 30 101.090909091 0
      vertex 25 101.090909091 0
    endloop
  endfacet
  facet normal 0 0 1
    outer loop
      vertex 25 101.090909091 0
      vertex 30 101.090909091 0
      vertex 30 105.818181818 0
    endloop
  endfacet
  facet normal 0 0 1
    outer loop
      vertex 25 101.090909091 0
      vertex 30 105.818181818 0
      vertex 25 105.818181818 0
    endloop
  endfacet
  facet normal 0 0 1
    outer loop
      vertex 25 105.818181818 0
      vertex 30 105.818181818 0
      vertex 30 110.545454545 0
    endloop
  endfacet
  facet normal 0 0 1
    outer loop
      vertex 25 105.818181818 0
      vertex 30 110.545454545 0
      vertex 25 110.545454545 0
    endloop
  endfacet
  facet normal 0 0 1
    outer loop
      vertex 25 110.545454545 0
      vertex 30 110.545454545 0
      vertex 30 115.272727273 0
    endloop
  endfacet
  facet normal 0 0 1
    outer loop
      vertex 25 110.545454545 0
      vertex 30 115.272727273 0
      vertex 25 115.272727273 0
    endloop
  endfacet
  facet normal 0 0 1
    outer loop
      vertex 25 115.272727273 0
      vertex 30 115.272727273 0
      vertex 30 120 0
    endloop
  endfacet
  facet normal 0 0 1
    outer loop
      vertex 25 115.272727273 0
      vertex 30 120 0
      vertex 25 120 0
    endloop
  endfacet
  facet normal 0 0 1
    outer loop
      vertex 30 68 0
      vertex 35 68 0
      vertex 35 72.7272727273 0
    endloop
  endfacet
  facet normal 0 0 1
    outer loop
      vertex 30 68 0
      vertex 35 72.7272727273 0
      vertex 30 72.7272727273 0
    endloop
  endfacet
  facet normal -0 0 1
    outer loop
      vertex 30 72.7272727273 0
      vertex 35 72.7272727273 0
      vertex 35 77.4545454545 0
    endloop
  endfacet
  facet normal 0 0 1
    outer loop
      vertex 30 72.7272727273 0
      vertex 35 77.4545454545 0
      vertex 30 77.4545454545 0
    endloop
  endfacet
  facet normal 0 0 1
    outer loop
      vertex 30 77.4545454545 0
      vertex 35 77.4545454545 0
      vertex 35 82.1818181818 0
    endloop
  endfacet
  facet normal 0 0 1
    outer loop
      vertex 30 77.4545454545 0
      vertex 35 82.1818181818 0
      vertex 30 82.1818181818 0
    endloop
  endfacet
  facet normal -0 0 1
    outer loop
      vertex 30 82.1818181818 0
      vertex 35 82.1818181818 0
      vertex 35 86.9090909091 0
    endloop
  endfacet
  facet normal 0 0 1
    outer loop
      vertex 30 82.1818181818 0
      vertex 35 86.9090909091 0
      vertex 30 86.9090909091 0
    endloop
  endfacet
  facet normal 0 0 1
    outer loop
      vertex 30 86.9090909091 0
      vertex 35 86.9090909091 0
      vertex 35 91.6363636364 0
    endloop
  endfacet
  facet normal 0 -0 1
    outer loop
      vertex 30 86.9090909091 0
      vertex 35 91.6363636364 0
      vertex 30 91.6363636364 0
    endloop
  endfacet
  facet normal 0 0 1
    outer loop
      vertex 30 91.6363636364 0
      vertex 35 91.6363636364 0
      vertex 35 96.3636363636 0
    endloop
  endfacet
  facet normal 0 0 1
    outer loop
      vertex 30 91.6363636364 0
      vertex 35 96.3636363636 0
      vertex 30 96.3636363636 0
    endloop
  endfacet
  facet normal -0 0 1
    outer loop
      vertex 30 96.3636363636 0
      vertex 35 96.3636363636 0
      vertex 35 101.090909091 0
    endloop
  endfacet
  facet normal 0 0 1
    outer loop
      vertex 30 96.3636363636 0
      vertex 35 101.090909091 0
      vertex 30 101.090909091 0
    endloop
  endfacet
  facet normal 0 0 1
    outer loop
      vertex 30 101.090909091 0
      vertex 35 101.090909091 0
      vertex 35 105.818181818 0
    endloop
  endfacet
  facet normal 0 -0 1
    outer loop
      vertex 30 101.090909091 0
      vertex 35 105.818181818 0
      vertex 30 105.818181818 0
    endloop
  endfacet
  facet normal -0 0 1
    outer loop
      vertex 30 105.818181818 0
      vertex 35 105.818181818 0
      vertex 35 110.545454545 0
    endloop
  endfacet
  facet normal 0 0 1
    outer loop
      vertex 30 105.818181818 0
      vertex 35 110.545454545 0
      vertex 30 110.545454545 0
    endloop
  endfacet
  facet normal 0 0 1
    outer loop
      vertex 30 110.545454545 0
      vertex 35 110.545454545 0
      vertex 35 115.272727273 0
    endloop
  endfacet
  facet normal 0 -0 1
    outer loop
      vertex 30 110.545454545 0
      vertex 35 115.272727273 0
      vertex 30 115.272727273 0
    endloop
  endfacet
  facet normal 0 0 1
    outer loop
      vertex 30 115.272727273 0
      vertex 35 115.272727273 0
      vertex 35 120 0
    endloop
  endfacet
  facet normal 0 0 1
    outer loop
      vertex 30 115.272727273 0
      vertex 35 120 0
      vertex 30 120 0
    endloop
  endfacet
  facet normal 0 0 1
    outer loop
      vertex 35 68 0
      vertex 40 68 0
      vertex 40 72.7272727273 0
    endloop
  endfacet
  facet normal 0 0 1
    outer loop
      vertex 35 68 0
      vertex 40 72.7272727273 0
      vertex 35 72.7272727273 0
    endloop
  endfacet
  facet normal 0 0 1
    outer loop
      vertex 35 72.7272727273 0
      vertex 40 72.7272727273 0
      vertex 40 77.4545454545 0
    endloop
  endfacet
  facet normal 0 0 1
    outer loop
      vertex 35 72.7272727273 0
      vertex 40 77.4545454545 0
      vertex 35 77.4545454545 0
    endloop
  endfacet
  facet normal 0 0 1
    outer loop
      vertex 35 77.4545454545 0
      vertex 40 77.4545454545 0
      vertex 40 82.1818181818 0
    endloop
  endfacet
  facet normal 0 0 1
    outer loop
      vertex 35 77.4545454545 0
      vertex 40 82.1818181818 0
      vertex 35 82.1818181818 0
    endloop
  endfacet
  facet normal 0 0 1
    outer loop
      vertex 35 82.1818181818 0
      vertex 40 82.1818181818 0
      vertex 40 86.9090909091 0
    endloop
  endfacet
  facet normal 0 0 1
    outer loop
      vertex 35 82.1818181818 0
      vertex 40 86.9090909091 0
      vertex 35 86.9090909091 0
    endloop
  endfacet
  facet normal 0 0 1
    outer loop
      vertex 35 86.9090909091 0
      vertex 40 86.9090909091 0
      vertex 40 91.6363636364 0
    endloop
  endfacet
  facet normal 0 0 1
    outer loop
      vertex 35 86.9090909091 0
      vertex 40 91.6363636364 0
      vertex 35 91.6363636364 0
    endloop
  endfacet
  facet normal 0 0 1
    outer loop
      vertex 35 91.6363636364 0
      vertex 40 91.6363636364 0
      vertex 40 96.3636363636 0
    endloop
  endfacet
  facet normal 0 0 1
    outer loop
      vertex 35 91.6363636364 0
      vertex 40 96.3636363636 0
      vertex 35 96.3636363636 0
    endloop
  endfacet
  facet normal 0 0 1
    outer loop
      vertex 35 96.3636363636 0
      vertex 40 96.3636363636 0
      vertex 40 101.090909091 0
    endloop
  endfacet
  facet normal 0 0 1
    outer loop
      vertex 35 96.3636363636 0
      vertex 40 101.090909091 0
      vertex 35 101.090909091 0
    endloop
  endfacet
  facet normal 0 0 1
    outer loop
      vertex 35 101.090909091 0
      vertex 40 101.090909091 0
      vertex 40 105.818181818 0
    endloop
  endfacet
  facet normal 0 0 1
    outer loop
      vertex 35 101.090909091 0
      vertex 40 105.818181818 0
      vertex 35 105.818181818 0
    endloop
  endfacet
  facet normal 0 0 1
    outer loop
      vertex 35 105.818181818 0
      vertex 40 105.818181818 0
      vertex 40 110.545454545 0
    endloop
  endfacet
  facet normal 0 0 1
    outer loop
      vertex 35 105.818181818 0
      vertex 40 110.545454545 0
      vertex 35 110.545454545 0
    endloop
  endfacet
  facet normal 0 0 1
    outer loop
      vertex 35 110.545454545 0
      vertex 40 110.545454545 0
      vertex 40 115.272727273 0
    endloop
  endfacet
  facet normal 0 0 1
    outer loop
      vertex 35 110.545454545 0
      vertex 40 115.272727273 0
      vertex 35 115.272727273 0
    endloop
  endfacet
  facet normal 0 0 1
    outer loop
      vertex 35 115.272727273 0
      vertex 40 115.272727273 0
      vertex 40 120 0
    endloop
  endfacet
  facet normal 0 0 1
    outer loop
      vertex 35 115.272727273 0
      vertex 40 120 0
      vertex 35 120 0
    endloop
  endfacet
  facet normal 0 0 1
    outer loop
      vertex 40 68 0
      vertex 45 68 0
      vertex 45 72.7272727273 0
    endloop
  endfacet
  facet normal 0 0 1
    outer loop
      vertex 40 68 0
      vertex 45 72.7272727273 0
      vertex 40 72.7272727273 0
    endloop
  endfacet
  facet normal 0 0 1
    outer loop
      vertex 40 72.7272727273 0
      vertex 45 72.7272727273 0
      vertex 45 77.4545454545 0
    endloop
  endfacet
  facet normal 0 0 1
    outer loop
      vertex 40 72.7272727273 0
      vertex 45 77.4545454545 0
      vertex 40 77.4545454545 0
    endloop
  endfacet
  facet normal -0 0 1
    outer loop
      vertex 40 77.4545454545 0
      vertex 45 77.4545454545 0
      vertex 45 82.1818181818 0
    endloop
  endfacet
  facet normal 0 0 1
    outer loop
      vertex 40 77.4545454545 0
      vertex 45 82.1818181818 0
      vertex 40 82.1818181818 0
    endloop
  endfacet
  facet normal 0 0 1
    outer loop
      vertex 40 82.1818181818 0
      vertex 45 82.1818181818 0
      vertex 45 86.9090909091 0
    endloop
  endfacet
  facet normal 0 0 1
    outer loop
      vertex 40 82.1818181818 0
      vertex 45 86.9090909091 0
      vertex 40 86.9090909091 0
    endloop
  endfacet
  facet normal 0 0 1
    outer loop
      vertex 40 86.9090909091 0
      vertex 45 86.9090909091 0
      vertex 45 91.6363636364 0
    endloop
  endfacet
  facet normal 0 0 1
    outer loop
      vertex 40 86.9090909091 0
      vertex 45 91.6363636364 0
      vertex 40 91.6363636364 0
    endloop
  endfacet
  facet normal 0 0 1
    outer loop
      vertex 40 91.6363636364 0
      vertex 45 91.6363636364 0
      vertex 45 96.3636363636 0
    endloop
  endfacet
  facet normal 0 0 1
    outer loop
      vertex 40 91.6363636364 0
      vertex 45 96.3636363636 0
      vertex 40 96.3636363636 0
    endloop
  endfacet
  facet normal -0 0 1
    outer loop
      vertex 40 96.3636363636 0
      vertex 45 96.3636363636 0
      vertex 45 101.090909091 0
    endloop
  endfacet
  facet normal 0 0 1
    outer loop
      vertex 40 96.3636363636 0
      vertex 45 101.090909091 0
      vertex 40 101.090909091 0
    endloop
  endfacet
  facet normal 0 0 1
    outer loop
      vertex 40 101.090909091 0
      vertex 45 101.090909091 0
      vertex 45 105.818181818 0
    endloop
  endfacet
  facet normal 0 0 1
    outer loop
      vertex 40 101.090909091 0
      vertex 45 105.818181818 0
      vertex 40 105.818181818 0
    endloop
  endfacet
  facet normal 0 0 1
    outer loop
      vertex 40 105.818181818 0
      vertex 45 105.818181818 0
      vertex 45 110.545454545 0
    endloop
  endfacet
  facet normal 0 0 1
    outer loop
      vertex 40 105.818181818 0
      vertex 45 110.545454545 0
      vertex 40 110.545454545 0
    endloop
  endfacet
  facet normal 0 0 1
    outer loop
      vertex 40 110.545454545 0
      vertex 45 110.545454545 0
      vertex 45 115.272727273 0
    endloop
  endfacet
  facet normal 0 0 1
    outer loop
      vertex 40 110.545454545 0
      vertex 45 115.272727273 0
      vertex 40 115.272727273 0
    endloop
  endfacet
  facet normal 0 0 1
    outer loop
      vertex 40 115.272727273 0
      vertex 45 115.272727273 0
      vertex 45 120 0
    endloop
  endfacet
  facet normal 0 -0 1
    outer loop
      vertex 40 115.272727273 0
      vertex 45 120 0
      vertex 40 120 0
    endloop
  endfacet
  facet normal 0 0 1
    outer loop
      vertex 45 68 0
      vertex 50 68 0
      vertex 50 72.7272727273 0
    endloop
  endfacet
  facet normal 0 0 1
    outer loop
      vertex 45 68 0
      vertex 50 72.7272727273 0
      vertex 45 72.7272727273 0
    endloop
  endfacet
  facet normal 0 0 1
    outer loop
      vertex 45 72.7272727273 0
      vertex 50 72.7272727273 0
      vertex 50 77.4545454545 0
    endloop
  endfacet
  facet normal 0 -0 1
    outer loop
      vertex 45 72.7272727273 0
      vertex 50 77.4545454545 0
      vertex 45 77.4545454545 0
    endloop
  endfacet
  facet normal 0 0 1
    outer loop
      vertex 45 77.4545454545 0
      vertex 50 77.4545454545 0
      vertex 50 82.1818181818 0
    endloop
  endfacet
  facet normal 0 0 1
    outer loop
      vertex 45 77.4545454545 0
      vertex 50 82.1818181818 0
      vertex 45 82.1818181818 0
    endloop
  endfacet
  facet normal -0 0 1
    outer loop
      vertex 45 82.1818181818 0
      vertex 50 82.1818181818 0
      vertex 50 86.9090909091 0
    endloop
  endfacet
  facet normal 0 0 1
    outer loop
      vertex 45 82.1818181818 0
      vertex 50 86.9090909091 0
      vertex 45 86.9090909091 0
    endloop
  endfacet
  facet normal 0 0 1
    outer loop
      vertex 45 86.9090909091 0
      vertex 50 86.9090909091 0
      vertex 50 91.6363636364 0
    endloop
  endfacet
  facet normal 0 0 1
    outer loop
      vertex 45 86.9090909091 0
      vertex 50 91.6363636364 0
      vertex 45 91.6363636364 0
    endloop
  endfacet
  facet normal 0 0 1
    outer loop
      vertex 45 91.6363636364 0
      vertex 50 91.6363636364 0
      vertex 50 96.3636363636 0
    endloop
  endfacet
  facet normal 0 0 1
    outer loop
      vertex 45 91.6363636364 0
      vertex 50 96.3636363636 0
      vertex 45 96.3636363636 0
    endloop
  endfacet
  facet normal 0 0 1
    outer loop
      vertex 45 96.3636363636 0
      vertex 50 96.3636363636 0
      vertex 50 101.090909091 0
    endloop
  endfacet
  facet normal 0 0 1
    outer loop
      vertex 45 96.3636363636 0
      vertex 50 101.090909091 0
      vertex 45 101.090909091 0
    endloop
  endfacet
  facet normal 0 0 1
    outer loop
      vertex 45 101.090909091 0
      vertex 50 101.090909091 0
      vertex 50 105.818181818 0
    endloop
  endfacet
  facet normal 0 0 1
    outer loop
      vertex 45 101.090909091 0
      vertex 50 105.818181818 0
      vertex 45 105.818181818 0
    endloop
  endfacet
  facet normal 0 0 1
    outer loop
      vertex 45 105.818181818 0
      vertex 50 105.818181818 0
      vertex 50 110.545454545 0
    endloop
  endfacet
  facet normal 0 0 1
    outer loop
      vertex 45 105.818181818 0
      vertex 50 110.545454545 0
      vertex 45 110.545454545 0
    endloop
  endfacet
  facet normal -0 0 1
    outer loop
      vertex 45 110.545454545 0
      vertex 50 110.545454545 0
      vertex 50 115.272727273 0
    endloop
  endfacet
  facet normal 0 0 1
    outer loop
      vertex 45 110.545454545 0
      vertex 50 115.272727273 0
      vertex 45 115.272727273 0
    endloop
  endfacet
  facet normal -0 0 1
    outer loop
      vertex 45 115.272727273 0
      vertex 50 115.272727273 0
      vertex 50 120 0
    endloop
  endfacet
  facet normal 0 -0 1
    outer loop
      vertex 45 115.272727273 0
      vertex 50 120 0
      vertex 45 120 0
    endloop
  endfacet
  facet normal 0 0 1
    outer loop
      vertex 50 68 0
      vertex 55 68 0
      vertex 55 72.7272727273 0
    endloop
  endfacet
  facet normal 0 0 1
    outer loop
      vertex 50 68 0
      vertex 55 72.7272727273 0
      vertex 50 72.7272727273 0
    endloop
  endfacet
  facet normal 0 0 1
    outer loop
      vertex 50 72.7272727273 0
      vertex 55 72.7272727273 0
      vertex 55 77.4545454545 0
    endloop
  endfacet
  facet normal 0 0 1
    outer loop
      vertex 50 72.7272727273 0
      vertex 55 77.4545454545 0
      vertex 50 77.4545454545 0
    endloop
  endfacet
  facet normal 0 0 1
    outer loop
      vertex 50 77.4545454545 0
      vertex 55 77.4545454545 0
      vertex 55 82.1818181818 0
    endloop
  endfacet
  facet normal 0 0 1
    outer loop
      vertex 50 77.4545454545 0
      vertex 55 82.1818181818 0
      vertex 50 82.1818181818 0
    endloop
  endfacet
  facet normal 0 0 1
    outer loop
      vertex 50 82.1818181818 0
      vertex 55 82.1818181818 0
      vertex 55 86.9090909091 0
    endloop
  endfacet
  facet normal 0 0 1
    outer loop
      vertex 50 82.1818181818 0
      vertex 55 86.9090909091 0
      vertex 50 86.9090909091 0
    endloop
  endfacet
  facet normal -0 0 1
    outer loop
      vertex 50 86.9090909091 0
      vertex 55 86.9090909091 0
      vertex 55 91.6363636364 0
    endloop
  endfacet
  facet normal 0 0 1
    outer loop
      vertex 50 86.9090909091 0
      vertex 55 91.6363636364 0
      vertex 50 91.6363636364 0
    endloop
  endfacet
  facet normal -0 0 1
    outer loop
      vertex 50 91.6363636364 0
      vertex 55 91.6363636364 0
      vertex 55 96.3636363636 0
    endloop
  endfacet
  facet normal 0 0 1
    outer loop
      vertex 50 91.6363636364 0
      vertex 55 96.3636363636 0
      vertex 50 96.3636363636 0
    endloop
  endfacet
  facet normal 0 0 1
    outer loop
      vertex 50 96.3636363636 0
      vertex 55 96.3636363636 0
      vertex 55 101.090909091 0
    endloop
  endfacet
  facet normal 0 0 1
    outer loop
      vertex 50 96.3636363636 0
      vertex 55 101.090909091 0
      vertex 50 101.090909091 0
    endloop
  endfacet
  facet normal 0 0 1
    outer loop
      vertex 50 101.090909091 0
      vertex 55 101.090909091 0
      vertex 55 105.818181818 0
    endloop
  endfacet
  facet normal 0 0 1
    outer loop
      vertex 50 101.090909091 0
      vertex 55 105.818181818 0
      vertex 50 105.818181818 0
    endloop
  endfacet
  facet normal 0 0 1
    outer loop
      vertex 50 105.818181818 0
      vertex 55 105.818181818 0
      vertex 55 110.545454545 0
    endloop
  endfacet
  facet normal 0 0 1
    outer loop
      vertex 50 105.818181818 0
      vertex 55 110.545454545 0
      vertex 50 110.545454545 0
    endloop
  endfacet
  facet normal 0 0 1
    outer loop
      vertex 50 110.545454545 0
      vertex 55 110.545454545 0
      vertex 55 115.272727273 0
    endloop
  endfacet
  facet normal 0 0 1
    outer loop
      vertex 50 110.545454545 0
      vertex 55 115.272727273 0
      vertex 50 115.272727273 0
    endloop
  endfacet
  facet normal 0 0 1
    outer loop
      vertex 50 115.272727273 0
      vertex 55 115.272727273 0
      vertex 55 120 0
    endloop
  endfacet
  facet normal 0 0 1
    outer loop
      vertex 50 115.272727273 0
      vertex 55 120 0
      vertex 50 120 0
    endloop
  endfacet
  facet normal 0 0 1
    outer loop
      vertex 63 68 0
      vertex 67.7272727273 68 0
      vertex 67.7272727273 72.7272727273 0
    endloop
  endfacet
  facet normal 0 0 1
    outer loop
      vertex 63 68 0
      vertex 67.7272727273 72.7272727273 0
      vertex 63 72.7272727273 0
    endloop
  endfacet
  facet normal 0 0 1
    outer loop
      vertex 63 72.7272727273 0
      vertex 67.7272727273 72.7272727273 0
      vertex 67.7272727273 77.4545454545 0
    endloop
  endfacet
  facet normal 0 -0 1
    outer loop
      vertex 63 72.7272727273 0
      vertex 67.7272727273 77.4545454545 0
      vertex 63 77.4545454545 0
    endloop
  endfacet
  facet normal 0 0 1
    outer loop
      vertex 63 77.4545454545 0
      vertex 67.7272727273 77.4545454545 0
      vertex 67.7272727273 82.1818181818 0
    endloop
  endfacet
  facet normal 0 0 1
    outer loop
      vertex 63 77.4545454545 0
      vertex 67.7272727273 82.1818181818 0
      vertex 63 82.1818181818 0
    endloop
  endfacet
  facet normal 0 0 1
    outer loop
      vertex 63 82.1818181818 0
      vertex 67.7272727273 82.1818181818 0
      vertex 67.7272727273 86.9090909091 0
    endloop
  endfacet
  facet normal 0 0 1
    outer loop
      vertex 63 82.1818181818 0
      vertex 67.7272727273 86.9090909091 0
      vertex 63 86.9090909091 0
    endloop
  endfacet
  facet normal 0 0 1
    outer loop
      vertex 63 86.9090909091 0
      vertex 67.7272727273 86.9090909091 0
      vertex 67.7272727273 91.6363636364 0
    endloop
  endfacet
  facet normal 0 0 1
    outer loop
      vertex 63 86.9090909091 0
      vertex 67.7272727273 91.6363636364 0
      vertex 63 91.6363636364 0
    endloop
  endfacet
  facet normal 0 0 1
    outer loop
      vertex 63 91.6363636364 0
      vertex 67.7272727273 91.6363636364 0
      vertex 67.7272727273 96.3636363636 0
    endloop
  endfacet
  facet normal 0 0 1
    outer loop
      vertex 63 91.6363636364 0
      vertex 67.7272727273 96.3636363636 0
      vertex 63 96.3636363636 0
    endloop
  endfacet
  facet normal -0 0 1
    outer loop
      vertex 63 96.3636363636 0
      vertex 67.7272727273 96.3636363636 0
      vertex 67.7272727273 101.090909091 0
    endloop
  endfacet
  facet normal 0 0 1
    outer loop
      vertex 63 96.3636363636 0
      vertex 67.7272727273 101.090909091 0
      vertex 63 101.090909091 0
    endloop
  endfacet
  facet normal -0 0 1
    outer loop
      vertex 63 101.090909091 0
      vertex 67.7272727273 101.090909091 0
      vertex 67.7272727273 105.818181818 0
    endloop
  endfacet
  facet normal 0 0 1
    outer loop
      vertex 63 101.090909091 0
      vertex 67.7272727273 105.818181818 0
      vertex 63 105.818181818 0
    endloop
  endfacet
  facet normal -0 0 1
    outer loop
      vertex 63 105.818181818 0
      vertex 67.7272727273 105.818181818 0
      vertex 67.7272727273 110.545454545 0
    endloop
  endfacet
  facet normal 0 0 1
    outer loop
      vertex 63 105.818181818 0
      vertex 67.7272727273 110.545454545 0
      vertex 63 110.545454545 0
    endloop
  endfacet
  facet normal 0 0 1
    outer loop
      vertex 63 110.545454545 0
      vertex 67.7272727273 110.545454545 0
      vertex 67.7272727273 115.272727273 0
    endloop
  endfacet
  facet normal 0 0 1
    outer loop
      vertex 63 110.545454545 0
      vertex 67.7272727273 115.272727273 0
      vertex 63 115.272727273 0
    endloop
  endfacet
  facet normal -0 0 1
    outer loop
      vertex 63 115.272727273 0
      vertex 67.7272727273 115.272727273 0
      vertex 67.7272727273 120 0
    endloop
  endfacet
  facet normal 0 0 1
    outer loop
      vertex 63 115.272727273 0
      vertex 67.7272727273 120 0
      vertex 63 120 0
    endloop
  endfacet
  facet normal 0 0 1
    outer loop
      vertex 67.7272727273 68 0
      vertex 72.4545454545 68 0
      vertex 72.4545454545 72.7272727273 0
    endloop
  endfacet
  facet normal 0 -0 1
    outer loop
      vertex 67.7272727273 68 0
      vertex 72.4545454545 72.7272727273 0
      vertex 67.7272727273 72.7272727273 0
    endloop
  endfacet
  facet normal 0 0 1
    outer loop
      vertex 67.7272727273 72.7272727273 0
      vertex 72.4545454545 72.7272727273 0
      vertex 72.4545454545 77.4545454545 0
    endloop
  endfacet
  facet normal 0 0 1
    outer loop
      vertex 67.7272727273 72.7272727273 0
      vertex 72.4545454545 77.4545454545 0
      vertex 67.7272727273 77.4545454545 0
    endloop
  endfacet
  facet normal -0 0 1
    outer loop
      vertex 67.7272727273 77.4545454545 0
      vertex 72.4545454545 77.4545454545 0
      vertex 72.4545454545 82.1818181818 0
    endloop
  endfacet
  facet normal 0 -0 1
    outer loop
      vertex 67.7272727273 77.4545454545 0
      vertex 72.4545454545 82.1818181818 0
      vertex 67.7272727273 82.1818181818 0
    endloop
  endfacet
  facet normal -0 0 1
    outer loop
      vertex 67.7272727273 82.1818181818 0
      vertex 72.4545454545 82.1818181818 0
      vertex 72.4545454545 86.9090909091 0
    endloop
  endfacet
  facet normal 0 0 1
    outer loop
      vertex 67.7272727273 82.1818181818 0
      vertex 72.4545454545 86.9090909091 0
      vertex 67.7272727273 86.9090909091 0
    endloop
  endfacet
  facet normal 0 0 1
    outer loop
      vertex 67.7272727273 86.9090909091 0
      vertex 72.4545454545 86.9090909091 0
      vertex 72.4545454545 91.6363636364 0
    endloop
  endfacet
  facet normal 0 0 1
    outer loop
      vertex 67.7272727273 86.9090909091 0
      vertex 72.4545454545 91.6363636364 0
      vertex 67.7272727273 91.6363636364 0
    endloop
  endfacet
  facet normal 0 0 1
    outer loop
      vertex 67.7272727273 91.6363636364 0
      vertex 72.4545454545 91.6363636364 0
      vertex 72.4545454545 96.3636363636 0
    endloop
  endfacet
  facet normal 0 0 1
    outer loop
      vertex 67.7272727273 91.6363636364 0
      vertex 72.4545454545 96.3636363636 0
      vertex 67.7272727273 96.3636363636 0
    endloop
  endfacet
  facet normal 0 0 1
    outer loop
      vertex 67.7272727273 96.3636363636 0
      vertex 72.4545454545 96.3636363636 0
      vertex 72.4545454545 101.090909091 0
    endloop
  endfacet
  facet normal 0 0 1
    outer loop
      vertex 67.7272727273 96.3636363636 0
      vertex 72.4545454545 101.090909091 0
      vertex 67.7272727273 101.090909091 0
    endloop
  endfacet
  facet normal 0 0 1
    outer loop
      vertex 67.7272727273 101.090909091 0
      vertex 72.4545454545 101.090909091 0
      vertex 72.4545454545 105.818181818 0
    endloop
  endfacet
  facet normal 0 0 1
    outer loop
      vertex 67.7272727273 101.090909091 0
      vertex 72.4545454545 105.818181818 0
      vertex 67.7272727273 105.818181818 0
    endloop
  endfacet
  facet normal 0 0 1
    outer loop
      vertex 67.7272727273 105.818181818 0
      vertex 72.4545454545 105.818181818 0
      vertex 72.4545454545 110.545454545 0
    endloop
  endfacet
  facet normal 0 0 1
    outer loop
      vertex 67.7272727273 105.818181818 0
      vertex 72.4545454545 110.545454545 0
      vertex 67.7272727273 110.545454545 0
    endloop
  endfacet
  facet normal 0 0 1
    outer loop
      vertex 67.7272727273 110.545454545 0
      vertex 72.4545454545 110.545454545 0
      vertex 72.4545454545 115.272727273 0
    endloop
  endfacet
  facet normal 0 0 1
    outer loop
      vertex 67.7272727273 110.545454545 0
      vertex 72.4545454545 115.272727273 0
      vertex 67.7272727273 115.272727273 0
    endloop
  endfacet
  facet normal 0 0 1
    outer loop
      vertex 67.7272727273 115.272727273 0
      vertex 72.4545454545 115.272727273 0
      vertex 72.4545454545 120 0
    endloop
  endfacet
  facet normal 0 0 1
    outer loop
      vertex 67.7272727273 115.272727273 0
      vertex 72.4545454545 120 0
      vertex 67.7272727273 120 0
    endloop
  endfacet
  facet normal 0 0 1
    outer loop
      vertex 72.4545454545 68 0
      vertex 77.1818181818 68 0
      vertex 77.1818181818 72.7272727273 0
    endloop
  endfacet
  facet normal 0 0 1
    outer loop
      vertex 72.4545454545 68 0
      vertex 77.1818181818 72.7272727273 0
      vertex 72.4545454545 72.7272727273 0
    endloop
  endfacet
  facet normal 0 0 1
    outer loop
      vertex 72.4545454545 72.7272727273 0
      vertex 77.1818181818 72.7272727273 0
      vertex 77.1818181818 77.4545454545 0
    endloop
  endfacet
  facet normal 0 0 1
    outer loop
      vertex 72.4545454545 72.7272727273 0
      vertex 77.1818181818 77.4545454545 0
      vertex 72.4545454545 77.4545454545 0
    endloop
  endfacet
  facet normal 0 0 1
    outer loop
      vertex 72.4545454545 77.4545454545 0
      vertex 77.1818181818 77.4545454545 0
      vertex 77.1818181818 82.1818181818 0
    endloop
  endfacet
  facet normal 0 0 1
    outer loop
      vertex 72.4545454545 77.4545454545 0
      vertex 77.1818181818 82.1818181818 0
      vertex 72.4545454545 82.1818181818 0
    endloop
  endfacet
  facet normal 0 0 1
    outer loop
      vertex 72.4545454545 82.1818181818 0
      vertex 77.1818181818 82.1818181818 0
      vertex 77.1818181818 86.9090909091 0
    endloop
  endfacet
  facet normal 0 0 1
    outer loop
      vertex 72.4545454545 82.1818181818 0
      vertex 77.1818181818 86.9090909091 0
      vertex 72.4545454545 86.9090909091 0
    endloop
  endfacet
  facet normal 0 0 1
    outer loop
      vertex 72.4545454545 86.9090909091 0
      vertex 77.1818181818 86.9090909091 0
      vertex 77.1818181818 91.6363636364 0
    endloop
  endfacet
  facet normal 0 0 1
    outer loop
      vertex 72.4545454545 86.9090909091 0
      vertex 77.1818181818 91.6363636364 0
      vertex 72.4545454545 91.6363636364 0
    endloop
  endfacet
  facet normal 0 0 1
    outer loop
      vertex 72.4545454545 91.6363636364 0
      vertex 77.1818181818 91.6363636364 0
      vertex 77.1818181818 96.3636363636 0
    endloop
  endfacet
  facet normal 0 0 1
    outer loop
      vertex 72.4545454545 91.6363636364 0
      vertex 77.1818181818 96.3636363636 0
      vertex 72.4545454545 96.3636363636 0
    endloop
  endfacet
  facet normal 0 0 1
    outer loop
      vertex 72.4545454545 96.3636363636 0
      vertex 77.1818181818 96.3636363636 0
      vertex 77.1818181818 101.090909091 0
    endloop
  endfacet
  facet normal 0 0 1
    outer loop
      vertex 72.4545454545 96.3636363636 0
      vertex 77.1818181818 101.090909091 0
      vertex 72.4545454545 101.090909091 0
    endloop
  endfacet
  facet normal 0 0 1
    outer loop
      vertex 72.4545454545 101.090909091 0
      vertex 77.1818181818 101.090909091 0
      vertex 77.1818181818 105.818181818 0
    endloop
  endfacet
  facet normal 0 0 1
    outer loop
      vertex 72.4545454545 101.090909091 0
      vertex 77.1818181818 105.818181818 0
      vertex 72.4545454545 105.818181818 0
    endloop
  endfacet
  facet normal 0 0 1
    outer loop
      vertex 72.4545454545 105.818181818 0
      vertex 77.1818181818 105.818181818 0
      vertex 77.1818181818 110.545454545 0
    endloop
  endfacet
  facet normal 0 0 1
    outer loop
      vertex 72.4545454545 105.818181818 0
      vertex 77.1818181818 110.545454545 0
      vertex 72.4545454545 110.545454545 0
    endloop
  endfacet
  facet normal 0 0 1
    outer loop
      vertex 72.4545454545 110.545454545 0
      vertex 77.1818181818 110.545454545 0
      vertex 77.1818181818 115.272727273 0
    endloop
  endfacet
  facet normal 0 0 1
    outer loop
      vertex 72.4545454545 110.545454545 0
      vertex 77.1818181818 115.272727273 0
      vertex 72.4545454545 115.272727273 0
    endloop
  endfacet
  facet normal 0 0 1
    outer loop
      vertex 72.4545454545 115.272727273 0
      vertex 77.1818181818 115.272727273 0
      vertex 77.1818181818 120 0
    endloop
  endfacet
  facet normal 0 0 1
    outer loop
      vertex 72.4545454545 115.272727273 0
      vertex 77.1818181818 120 0
      vertex 72.4545454545 120 0
    endloop
  endfacet
  facet normal 0 0 1
    outer loop
      vertex 77.1818181818 68 0
      vertex 81.9090909091 68 0
      vertex 81.9090909091 72.7272727273 0
    endloop
  endfacet
  facet normal 0 0 1
    outer loop
      vertex 77.1818181818 68 0
      vertex 81.9090909091 72.7272727273 0
      vertex 77.1818181818 72.7272727273 0
    endloop
  endfacet
  facet normal 0 0 1
    outer loop
      vertex 77.1818181818 72.7272727273 0
      vertex 81.9090909091 72.7272727273 0
      vertex 81.9090909091 77.4545454545 0
    endloop
  endfacet
  facet normal 0 0 1
    outer loop
      vertex 77.1818181818 72.7272727273 0
      vertex 81.9090909091 77.4545454545 0
      vertex 77.1818181818 77.4545454545 0
    endloop
  endfacet
  facet normal 0 0 1
    outer loop
      vertex 77.1818181818 77.4545454545 0
      vertex 81.9090909091 77.4545454545 0
      vertex 81.9090909091 82.1818181818 0
    endloop
  endfacet
  facet normal 0 0 1
    outer loop
      vertex 77.1818181818 77.4545454545 0
      vertex 81.9090909091 82.1818181818 0
      vertex 77.1818181818 82.1818181818 0
    endloop
  endfacet
  facet normal -0 0 1
    outer loop
      vertex 77.1818181818 82.1818181818 0
      vertex 81.9090909091 82.1818181818 0
      vertex 81.9090909091 86.9090909091 0
    endloop
  endfacet
  facet normal 0 -0 1
    outer loop
      vertex 77.1818181818 82.1818181818 0
      vertex 81.9090909091 86.9090909091 0
      vertex 77.1818181818 86.9090909091 0
    endloop
  endfacet
  facet normal 0 0 1
    outer loop
      vertex 77.1818181818 86.9090909091 0
      vertex 81.9090909091 86.9090909091 0
      vertex 81.9090909091 91.6363636364 0
    endloop
  endfacet
  facet normal 0 0 1
    outer loop
      vertex 77.1818181818 86.9090909091 0
      vertex 81.9090909091 91.6363636364 0
      vertex 77.1818181818 91.6363636364 0
    endloop
  endfacet
  facet normal 0 0 1
    outer loop
      vertex 77.1818181818 91.6363636364 0
      vertex 81.9090909091 91.6363636364 0
      vertex 81.9090909091 96.3636363636 0
    endloop
  endfacet
  facet normal 0 0 1
    outer loop
      vertex 77.1818181818 91.6363636364 0
      vertex 81.9090909091 96.3636363636 0
      vertex 77.1818181818 96.3636363636 0
    endloop
  endfacet
  facet normal 0 0 1
    outer loop
      vertex 77.1818181818 96.3636363636 0
      vertex 81.9090909091 96.3636363636 0
      vertex 81.9090909091 101.090909091 0
    endloop
  endfacet
  facet normal 0 -0 1
    outer loop
      vertex 77.1818181818 96.3636363636 0
      vertex 81.9090909091 101.090909091 0
      vertex 77.1818181818 101.090909091 0
    endloop
  endfacet
  facet normal 0 0 1
    outer loop
      vertex 77.1818181818 101.090909091 0
      vertex 81.9090909091 101.090909091 0
      vertex 81.9090909091 105.818181818 0
    endloop
  endfacet
  facet normal 0 0 1
    outer loop
      vertex 77.1818181818 101.090909091 0
      vertex 81.9090909091 105.818181818 0
      vertex 77.1818181818 105.818181818 0
    endloop
  endfacet
  facet normal 0 0 1
    outer loop
      vertex 77.1818181818 105.818181818 0
      vertex 81.9090909091 105.818181818 0
      vertex 81.9090909091 110.545454545 0
    endloop
  endfacet
  facet normal 0 0 1
    outer loop
      vertex 77.1818181818 105.818181818 0
      vertex 81.9090909091 110.545454545 0
      vertex 77.1818181818 110.545454545 0
    endloop
  endfacet
  facet normal 0 0 1
    outer loop
      vertex 77.1818181818 110.545454545 0
      vertex 81.9090909091 110.545454545 0
      vertex 81.9090909091 115.272727273 0
    endloop
  endfacet
  facet normal 0 0 1
    outer loop
      vertex 77.1818181818 110.545454545 0
      vertex 81.9090909091 115.272727273 0
      vertex 77.1818181818 115.272727273 0
    endloop
  endfacet
  facet normal -0 0 1
    outer loop
      vertex 77.1818181818 115.272727273 0
      vertex 81.9090909091 115.272727273 0
      vertex 81.9090909091 120 0
    endloop
  endfacet
  facet normal 0 0 1
    outer loop
      vertex 77.1818181818 115.272727273 0
      vertex 81.9090909091 120 0
      vertex 77.1818181818 120 0
    endloop
  endfacet
  facet normal 0 0 1
    outer loop
      vertex 81.9090909091 68 0
      vertex 86.6363636364 68 0
      vertex 86.6363636364 72.7272727273 0
    endloop
  endfacet
  facet normal 0 0 1
    outer loop
      vertex 81.9090909091 68 0
      vertex 86.6363636364 72.7272727273 0
      vertex 81.9090909091 72.7272727273 0
    endloop
  endfacet
  facet normal 0 0 1
    outer loop
      vertex 81.9090909091 72.7272727273 0
      vertex 86.6363636364 72.7272727273 0
      vertex 86.6363636364 77.4545454545 0
    endloop
  endfacet
  facet normal 0 -0 1
    outer loop
      vertex 81.9090909091 72.7272727273 0
      vertex 86.6363636364 77.4545454545 0
      vertex 81.9090909091 77.4545454545 0
    endloop
  endfacet
  facet normal 0 0 1
    outer loop
      vertex 81.9090909091 77.4545454545 0
      vertex 86.6363636364 77.4545454545 0
      vertex 86.6363636364 82.1818181818 0
    endloop
  endfacet
  facet normal 0 0 1
    outer loop
      vertex 81.9090909091 77.4545454545 0
      vertex 86.6363636364 82.1818181818 0
      vertex 81.9090909091 82.1818181818 0
    endloop
  endfacet
  facet normal 0 0 1
    outer loop
      vertex 81.9090909091 82.1818181818 0
      vertex 86.6363636364 82.1818181818 0
      vertex 86.6363636364 86.9090909091 0
    endloop
  endfacet
  facet normal 0 -0 1
    outer loop
      vertex 81.9090909091 82.1818181818 0
      vertex 86.6363636364 86.9090909091 0
      vertex 81.9090909091 86.9090909091 0
    endloop
  endfacet
  facet normal 0 0 1
    outer loop
      vertex 81.9090909091 86.9090909091 0
      vertex 86.6363636364 86.9090909091 0
      vertex 86.6363636364 91.6363636364 0
    endloop
  endfacet
  facet normal 0 0 1
    outer loop
      vertex 81.9090909091 86.9090909091 0
      vertex 86.6363636364 91.6363636364 0
      vertex 81.9090909091 91.6363636364 0
    endloop
  endfacet
  facet normal 0 0 1
    outer loop
      vertex 81.9090909091 91.6363636364 0
      vertex 86.6363636364 91.6363636364 0
      vertex 86.6363636364 96.3636363636 0
    endloop
  endfacet
  facet normal 0 0 1
    outer loop
      vertex 81.9090909091 91.6363636364 0
      vertex 86.6363636364 96.3636363636 0
      vertex 81.9090909091 96.3636363636 0
    endloop
  endfacet
  facet normal -0 0 1
    outer loop
      vertex 81.9090909091 96.3636363636 0
      vertex 86.6363636364 96.3636363636 0
      vertex 86.6363636364 101.090909091 0
    endloop
  endfacet
  facet normal 0 0 1
    outer loop
      vertex 81.9090909091 96.3636363636 0
      vertex 86.6363636364 101.090909091 0
      vertex 81.9090909091 101.090909091 0
    endloop
  endfacet
  facet normal -0 0 1
    outer loop
      vertex 81.9090909091 101.090909091 0
      vertex 86.6363636364 101.090909091 0
      vertex 86.6363636364 105.818181818 0
    endloop
  endfacet
  facet normal 0 0 1
    outer loop
      vertex 81.9090909091 101.090909091 0
      vertex 86.6363636364 105.818181818 0
      vertex 81.9090909091 105.818181818 0
    endloop
  endfacet
  facet normal 0 0 1
    outer loop
      vertex 81.9090909091 105.818181818 0
      vertex 86.6363636364 105.818181818 0
      vertex 86.6363636364 110.545454545 0
    endloop
  endfacet
  facet normal 0 0 1
    outer loop
      vertex 81.9090909091 105.818181818 0
      vertex 86.6363636364 110.545454545 0
      vertex 81.9090909091 110.545454545 0
    endloop
  endfacet
  facet normal 0 0 1
    outer loop
      vertex 81.9090909091 110.545454545 0
      vertex 86.6363636364 110.545454545 0
      vertex 86.6363636364 115.272727273 0
    endloop
  endfacet
  facet normal 0 0 1
    outer loop
      vertex 81.9090909091 110.545454545 0
      vertex 86.6363636364 115.272727273 0
      vertex 81.9090909091 115.272727273 0
    endloop
  endfacet
  facet normal 0 0 1
    outer loop
      vertex 81.9090909091 115.272727273 0
      vertex 86.6363636364 115.272727273 0
      vertex 86.6363636364 120 0
    endloop
  endfacet
  facet normal 0 0 1
    outer loop
      vertex 81.9090909091 115.272727273 0
      vertex 86.6363636364 120 0
      vertex 81.9090909091 120 0
    endloop
  endfacet
  facet normal 0 0 1
    outer loop
      vertex 86.6363636364 68 0
      vertex 91.3636363636 68 0
      vertex 91.3636363636 72.7272727273 0
    endloop
  endfacet
  facet normal 0 0 1
    outer loop
      vertex 86.6363636364 68 0
      vertex 91.3636363636 72.7272727273 0
      vertex 86.6363636364 72.7272727273 0
    endloop
  endfacet
  facet normal 0 0 1
    outer loop
      vertex 86.6363636364 72.7272727273 0
      vertex 91.3636363636 72.7272727273 0
      vertex 91.3636363636 77.4545454545 0
    endloop
  endfacet
  facet normal 0 0 1
    outer loop
      vertex 86.6363636364 72.7272727273 0
      vertex 91.3636363636 77.4545454545 0
      vertex 86.6363636364 77.4545454545 0
    endloop
  endfacet
  facet normal 0 0 1
    outer loop
      vertex 86.6363636364 77.4545454545 0
      vertex 91.3636363636 77.4545454545 0
      vertex 91.3636363636 82.1818181818 0
    endloop
  endfacet
  facet normal 0 0 1
    outer loop
      vertex 86.6363636364 77.4545454545 0
      vertex 91.3636363636 82.1818181818 0
      vertex 86.6363636364 82.1818181818 0
    endloop
  endfacet
  facet normal 0 0 1
    outer loop
      vertex 86.6363636364 82.1818181818 0
      vertex 91.3636363636 82.1818181818 0
      vertex 91.3636363636 86.9090909091 0
    endloop
  endfacet
  facet normal 0 -0 1
    outer loop
      vertex 86.6363636364 82.1818181818 0
      vertex 91.3636363636 86.9090909091 0
      vertex 86.6363636364 86.9090909091 0
    endloop
  endfacet
  facet normal 0 0 1
    outer loop
      vertex 86.6363636364 86.9090909091 0
      vertex 91.3636363636 86.9090909091 0
      vertex 91.3636363636 91.6363636364 0
    endloop
  endfacet
  facet normal 0 0 1
    outer loop
      vertex 86.6363636364 86.9090909091 0
      vertex 91.3636363636 91.6363636364 0
      vertex 86.6363636364 91.6363636364 0
    endloop
  endfacet
  facet normal 0 0 1
    outer loop
      vertex 86.6363636364 91.6363636364 0
      vertex 91.3636363636 91.6363636364 0
      vertex 91.3636363636 96.3636363636 0
    endloop
  endfacet
  facet normal 0 0 1
    outer loop
      vertex 86.6363636364 91.6363636364 0
      vertex 91.3636363636 96.3636363636 0
      vertex 86.6363636364 96.3636363636 0
    endloop
  endfacet
  facet normal 0 0 1
    outer loop
      vertex 86.6363636364 96.3636363636 0
      vertex 91.3636363636 96.3636363636 0
      vertex 91.3636363636 101.090909091 0
    endloop
  endfacet
  facet normal 0 0 1
    outer loop
      vertex 86.6363636364 96.3636363636 0
      vertex 91.3636363636 101.090909091 0
      vertex 86.6363636364 101.090909091 0
    endloop
  endfacet
  facet normal 0 0 1
    outer loop
      vertex 86.6363636364 101.090909091 0
      vertex 91.3636363636 101.090909091 0
      vertex 91.3636363636 105.818181818 0
    endloop
  endfacet
  facet normal 0 0 1
    outer loop
      vertex 86.6363636364 101.090909091 0
      vertex 91.3636363636 105.818181818 0
      vertex 86.6363636364 105.818181818 0
    endloop
  endfacet
  facet normal 0 0 1
    outer loop
      vertex 86.6363636364 105.818181818 0
      vertex 91.3636363636 105.818181818 0
      vertex 91.3636363636 110.545454545 0
    endloop
  endfacet
  facet normal 0 0 1
    outer loop
      vertex 86.6363636364 105.818181818 0
      vertex 91.3636363636 110.545454545 0
      vertex 86.6363636364 110.545454545 0
    endloop
  endfacet
  facet normal 0 0 1
    outer loop
      vertex 86.6363636364 110.545454545 0
      vertex 91.3636363636 110.545454545 0
      vertex 91.3636363636 115.272727273 0
    endloop
  endfacet
  facet normal 0 0 1
    outer loop
      vertex 86.6363636364 110.545454545 0
      vertex 91.3636363636 115.272727273 0
      vertex 86.6363636364 115.272727273 0
    endloop
  endfacet
  facet normal 0 0 1
    outer loop
      vertex 86.6363636364 115.272727273 0
      vertex 91.3636363636 115.272727273 0
      vertex 91.3636363636 120 0
    endloop
  endfacet
  facet normal 0 -0 1
    outer loop
      vertex 86.6363636364 115.272727273 0
      vertex 91.3636363636 120 0
      vertex 86.6363636364 120 0
    endloop
  endfacet
  facet normal 0 0 1
    outer loop
      vertex 91.3636363636 68 0
      vertex 96.0909090909 68 0
      vertex 96.0909090909 72.7272727273 0
    endloop
  endfacet
  facet normal 0 0 1
    outer loop
      vertex 91.3636363636 68 0
      vertex 96.0909090909 72.7272727273 0
      vertex 91.3636363636 72.7272727273 0
    endloop
  endfacet
  facet normal -0 0 1
    outer loop
      vertex 91.3636363636 72.7272727273 0
      vertex 96.0909090909 72.7272727273 0
      vertex 96.0909090909 77.4545454545 0
    endloop
  endfacet
  facet normal 0 0 1
    outer loop
      vertex 91.3636363636 72.7272727273 0
      vertex 96.0909090909 77.4545454545 0
      vertex 91.3636363636 77.4545454545 0
    endloop
  endfacet
  facet normal 0 0 1
    outer loop
      vertex 91.3636363636 77.4545454545 0
      vertex 96.0909090909 77.4545454545 0
      vertex 96.0909090909 82.1818181818 0
    endloop
  endfacet
  facet normal 0 0 1
    outer loop
      vertex 91.3636363636 77.4545454545 0
      vertex 96.0909090909 82.1818181818 0
      vertex 91.3636363636 82.1818181818 0
    endloop
  endfacet
  facet normal -0 0 1
    outer loop
      vertex 91.3636363636 82.1818181818 0
      vertex 96.0909090909 82.1818181818 0
      vertex 96.0909090909 86.9090909091 0
    endloop
  endfacet
  facet normal 0 -0 1
    outer loop
      vertex 91.3636363636 82.1818181818 0
      vertex 96.0909090909 86.9090909091 0
      vertex 91.3636363636 86.9090909091 0
    endloop
  endfacet
  facet normal 0 0 1
    outer loop
      vertex 91.3636363636 86.9090909091 0
      vertex 96.0909090909 86.9090909091 0
      vertex 96.0909090909 91.6363636364 0
    endloop
  endfacet
  facet normal 0 0 1
    outer loop
      vertex 91.3636363636 86.9090909091 0
      vertex 96.0909090909 91.6363636364 0
      vertex 91.3636363636 91.6363636364 0
    endloop
  endfacet
  facet normal 0 0 1
    outer loop
      vertex 91.3636363636 91.6363636364 0
      vertex 96.0909090909 91.6363636364 0
      vertex 96.0909090909 96.3636363636 0
    endloop
  endfacet
  facet normal 0 0 1
    outer loop
      vertex 91.3636363636 91.6363636364 0
      vertex 96.0909090909 96.3636363636 0
      vertex 91.3636363636 96.3636363636 0
    endloop
  endfacet
  facet normal -0 0 1
    outer loop
      vertex 91.3636363636 96.3636363636 0
      vertex 96.0909090909 96.3636363636 0
      vertex 96.0909090909 101.090909091 0
    endloop
  endfacet
  facet normal 0 -0 1
    outer loop
      vertex 91.3636363636 96.3636363636 0
      vertex 96.0909090909 101.090909091 0
      vertex 91.3636363636 101.090909091 0
    endloop
  endfacet
  facet normal 0 0 1
    outer loop
      vertex 91.3636363636 101.090909091 0
      vertex 96.0909090909 101.090909091 0
      vertex 96.0909090909 105.818181818 0
    endloop
  endfacet
  facet normal 0 0 1
    outer loop
      vertex 91.3636363636 101.090909091 0
      vertex 96.0909090909 105.818181818 0
      vertex 91.3636363636 105.818181818 0
    endloop
  endfacet
  facet normal -0 0 1
    outer loop
      vertex 91.3636363636 105.818181818 0
      vertex 96.0909090909 105.818181818 0
      vertex 96.0909090909 110.545454545 0
    endloop
  endfacet
  facet normal 0 -0 1
    outer loop
      vertex 91.3636363636 105.818181818 0
      vertex 96.0909090909 110.545454545 0
      vertex 91.3636363636 110.545454545 0
    endloop
  endfacet
  facet normal 0 0 1
    outer loop
      vertex 91.3636363636 110.545454545 0
      vertex 96.0909090909 110.545454545 0
      vertex 96.0909090909 115.272727273 0
    endloop
  endfacet
  facet normal 0 0 1
    outer loop
      vertex 91.3636363636 110.545454545 0
      vertex 96.0909090909 115.272727273 0
      vertex 91.3636363636 115.272727273 0
    endloop
  endfacet
  facet normal 0 0 1
    outer loop
      vertex 91.3636363636 115.272727273 0
      vertex 96.0909090909 115.272727273 0
      vertex 96.0909090909 120 0
    endloop
  endfacet
  facet normal 0 -0 1
    outer loop
      vertex 91.3636363636 115.272727273 0
      vertex 96.0909090909 120 0
      vertex 91.3636363636 120 0
    endloop
  endfacet
  facet normal 0 0 1
    outer loop
      vertex 96.0909090909 68 0
      vertex 100.818181818 68 0
      vertex 100.818181818 72.7272727273 0
    endloop
  endfacet
  facet normal 0 -0 1
    outer loop
      vertex 96.0909090909 68 0
      vertex 100.818181818 72.7272727273 0
      vertex 96.0909090909 72.7272727273 0
    endloop
  endfacet
  facet normal 0 0 1
    outer loop
      vertex 96.0909090909 72.7272727273 0
      vertex 100.818181818 72.7272727273 0
      vertex 100.818181818 77.4545454545 0
    endloop
  endfacet
  facet normal 0 0 1
    outer loop
      vertex 96.0909090909 72.7272727273 0
      vertex 100.818181818 77.4545454545 0
      vertex 96.0909090909 77.4545454545 0
    endloop
  endfacet
  facet normal 0 0 1
    outer loop
      vertex 96.0909090909 77.4545454545 0
      vertex 100.818181818 77.4545454545 0
      vertex 100.818181818 82.1818181818 0
    endloop
  endfacet
  facet normal 0 0 1
    outer loop
      vertex 96.0909090909 77.4545454545 0
      vertex 100.818181818 82.1818181818 0
      vertex 96.0909090909 82.1818181818 0
    endloop
  endfacet
  facet normal 0 0 1
    outer loop
      vertex 96.0909090909 82.1818181818 0
      vertex 100.818181818 82.1818181818 0
      vertex 100.818181818 86.9090909091 0
    endloop
  endfacet
  facet normal 0 0 1
    outer loop
      vertex 96.0909090909 82.1818181818 0
      vertex 100.818181818 86.9090909091 0
      vertex 96.0909090909 86.9090909091 0
    endloop
  endfacet
  facet normal 0 0 1
    outer loop
      vertex 96.0909090909 86.9090909091 0
      vertex 100.818181818 86.9090909091 0
      vertex 100.818181818 91.6363636364 0
    endloop
  endfacet
  facet normal 0 -0 1
    outer loop
      vertex 96.0909090909 86.9090909091 0
      vertex 100.818181818 91.6363636364 0
      vertex 96.0909090909 91.6363636364 0
    endloop
  endfacet
  facet normal 0 0 1
    outer loop
      vertex 96.0909090909 91.6363636364 0
      vertex 100.818181818 91.6363636364 0
      vertex 100.818181818 96.3636363636 0
    endloop
  endfacet
  facet normal 0 0 1
    outer loop
      vertex 96.0909090909 91.6363636364 0
      vertex 100.818181818 96.3636363636 0
      vertex 96.0909090909 96.3636363636 0
    endloop
  endfacet
  facet normal 0 0 1
    outer loop
      vertex 96.0909090909 96.3636363636 0
      vertex 100.818181818 96.3636363636 0
      vertex 100.818181818 101.090909091 0
    endloop
  endfacet
  facet normal 0 0 1
    outer loop
      vertex 96.0909090909 96.3636363636 0
      vertex 100.818181818 101.090909091 0
      vertex 96.0909090909 101.090909091 0
    endloop
  endfacet
  facet normal 0 0 1
    outer loop
      vertex 96.0909090909 101.090909091 0
      vertex 100.818181818 101.090909091 0
      vertex 100.818181818 105.818181818 0
    endloop
  endfacet
  facet normal 0 0 1
    outer loop
      vertex 96.0909090909 101.090909091 0
      vertex 100.818181818 105.818181818 0
      vertex 96.0909090909 105.818181818 0
    endloop
  endfacet
  facet normal 0 0 1
    outer loop
      vertex 96.0909090909 105.818181818 0
      vertex 100.818181818 105.818181818 0
      vertex 100.818181818 110.545454545 0
    endloop
  endfacet
  facet normal 0 0 1
    outer loop
      vertex 96.0909090909 105.818181818 0
      vertex 100.818181818 110.545454545 0
      vertex 96.0909090909 110.545454545 0
    endloop
  endfacet
  facet normal 0 0 1
    outer loop
      vertex 96.0909090909 110.545454545 0
      vertex 100.818181818 110.545454545 0
      vertex 100.818181818 115.272727273 0
    endloop
  endfacet
  facet normal 0 0 1
    outer loop
      vertex 96.0909090909 110.545454545 0
      vertex 100.818181818 115.272727273 0
      vertex 96.0909090909 115.272727273 0
    endloop
  endfacet
  facet normal 0 0 1
    outer loop
      vertex 96.0909090909 115.272727273 0
      vertex 100.818181818 115.272727273 0
      vertex 100.818181818 120 0
    endloop
  endfacet
  facet normal 0 0 1
    outer loop
      vertex 96.0909090909 115.272727273 0
      vertex 100.818181818 120 0
      vertex 96.0909090909 120 0
    endloop
  endfacet
  facet normal 0 0 1
    outer loop
      vertex 100.818181818 68 0
      vertex 105.545454545 68 0
      vertex 105.545454545 72.7272727273 0
    endloop
  endfacet
  facet normal 0 0 1
    outer loop
      vertex 100.818181818 68 0
      vertex 105.545454545 72.7272727273 0
      vertex 100.818181818 72.7272727273 0
    endloop
  endfacet
  facet normal 0 0 1
    outer loop
      vertex 100.818181818 72.7272727273 0
      vertex 105.545454545 72.7272727273 0
      vertex 105.545454545 77.4545454545 0
    endloop
  endfacet
  facet normal 0 -0 1
    outer loop
      vertex 100.818181818 72.7272727273 0
      vertex 105.545454545 77.4545454545 0
      vertex 100.818181818 77.4545454545 0
    endloop
  endfacet
  facet normal -0 0 1
    outer loop
      vertex 100.818181818 77.4545454545 0
      vertex 105.545454545 77.4545454545 0
      vertex 105.545454545 82.1818181818 0
    endloop
  endfacet
  facet normal 0 0 1
    outer loop
      vertex 100.818181818 77.4545454545 0
      vertex 105.545454545 82.1818181818 0
      vertex 100.818181818 82.1818181818 0
    endloop
  endfacet
  facet normal 0 0 1
    outer loop
      vertex 100.818181818 82.1818181818 0
      vertex 105.545454545 82.1818181818 0
      vertex 105.545454545 86.9090909091 0
    endloop
  endfacet
  facet normal 0 0 1
    outer loop
      vertex 100.818181818 82.1818181818 0
      vertex 105.545454545 86.9090909091 0
      vertex 100.818181818 86.9090909091 0
    endloop
  endfacet
  facet normal 0 0 1
    outer loop
      vertex 100.818181818 86.9090909091 0
      vertex 105.545454545 86.9090909091 0
      vertex 105.545454545 91.6363636364 0
    endloop
  endfacet
  facet normal 0 -0 1
    outer loop
      vertex 100.818181818 86.9090909091 0
      vertex 105.545454545 91.6363636364 0
      vertex 100.818181818 91.6363636364 0
    endloop
  endfacet
  facet normal 0 0 1
    outer loop
      vertex 100.818181818 91.6363636364 0
      vertex 105.545454545 91.6363636364 0
      vertex 105.545454545 96.3636363636 0
    endloop
  endfacet
  facet normal 0 0 1
    outer loop
      vertex 100.818181818 91.6363636364 0
      vertex 105.545454545 96.3636363636 0
      vertex 100.818181818 96.3636363636 0
    endloop
  endfacet
  facet normal -0 0 1
    outer loop
      vertex 100.818181818 96.3636363636 0
      vertex 105.545454545 96.3636363636 0
      vertex 105.545454545 101.090909091 0
    endloop
  endfacet
  facet normal 0 0 1
    outer loop
      vertex 100.818181818 96.3636363636 0
      vertex 105.545454545 101.090909091 0
      vertex 100.818181818 101.090909091 0
    endloop
  endfacet
  facet normal 0 0 1
    outer loop
      vertex 100.818181818 101.090909091 0
      vertex 105.545454545 101.090909091 0
      vertex 105.545454545 105.818181818 0
    endloop
  endfacet
  facet normal 0 -0 1
    outer loop
      vertex 100.818181818 101.090909091 0
      vertex 105.545454545 105.818181818 0
      vertex 100.818181818 105.818181818 0
    endloop
  endfacet
  facet normal 0 0 1
    outer loop
      vertex 100.818181818 105.818181818 0
      vertex 105.545454545 105.818181818 0
      vertex 105.545454545 110.545454545 0
    endloop
  endfacet
  facet normal 0 0 1
    outer loop
      vertex 100.818181818 105.818181818 0
      vertex 105.545454545 110.545454545 0
      vertex 100.818181818 110.545454545 0
    endloop
  endfacet
  facet normal 0 0 1
    outer loop
      vertex 100.818181818 110.545454545 0
      vertex 105.545454545 110.545454545 0
      vertex 105.545454545 115.272727273 0
    endloop
  endfacet
  facet normal 0 0 1
    outer loop
      vertex 100.818181818 110.545454545 0
      vertex 105.545454545 115.272727273 0
      vertex 100.818181818 115.272727273 0
    endloop
  endfacet
  facet normal 0 0 1
    outer loop
      vertex 100.818181818 115.272727273 0
      vertex 105.545454545 115.272727273 0
      vertex 105.545454545 120 0
    endloop
  endfacet
  facet normal 0 -0 1
    outer loop
      vertex 100.818181818 115.272727273 0
      vertex 105.545454545 120 0
      vertex 100.818181818 120 0
    endloop
  endfacet
  facet normal 0 0 1
    outer loop
      vertex 105.545454545 68 0
      vertex 110.272727273 68 0
      vertex 110.272727273 72.7272727273 0
    endloop
  endfacet
  facet normal 0 0 1
    outer loop
      vertex 105.545454545 68 0
      vertex 110.272727273 72.7272727273 0
      vertex 105.545454545 72.7272727273 0
    endloop
  endfacet
  facet normal 0 0 1
    outer loop
      vertex 105.545454545 72.7272727273 0
      vertex 110.272727273 72.7272727273 0
      vertex 110.272727273 77.4545454545 0
    endloop
  endfacet
  facet normal 0 0 1
    outer loop
      vertex 105.545454545 72.7272727273 0
      vertex 110.272727273 77.4545454545 0
      vertex 105.545454545 77.4545454545 0
    endloop
  endfacet
  facet normal 0 0 1
    outer loop
      vertex 105.545454545 77.4545454545 0
      vertex 110.272727273 77.4545454545 0
      vertex 110.272727273 82.1818181818 0
    endloop
  endfacet
  facet normal 0 0 1
    outer loop
      vertex 105.545454545 77.4545454545 0
      vertex 110.272727273 82.1818181818 0
      vertex 105.545454545 82.1818181818 0
    endloop
  endfacet
  facet normal -0 0 1
    outer loop
      vertex 105.545454545 82.1818181818 0
      vertex 110.272727273 82.1818181818 0
      vertex 110.272727273 86.9090909091 0
    endloop
  endfacet
  facet normal 0 0 1
    outer loop
      vertex 105.545454545 82.1818181818 0
      vertex 110.272727273 86.9090909091 0
      vertex 105.545454545 86.9090909091 0
    endloop
  endfacet
  facet normal 0 0 1
    outer loop
      vertex 105.545454545 86.9090909091 0
      vertex 110.272727273 86.9090909091 0
      vertex 110.272727273 91.6363636364 0
    endloop
  endfacet
  facet normal 0 -0 1
    outer loop
      vertex 105.545454545 86.9090909091 0
      vertex 110.272727273 91.6363636364 0
      vertex 105.545454545 91.6363636364 0
    endloop
  endfacet
  facet normal 0 0 1
    outer loop
      vertex 105.545454545 91.6363636364 0
      vertex 110.272727273 91.6363636364 0
      vertex 110.272727273 96.3636363636 0
    endloop
  endfacet
  facet normal 0 0 1
    outer loop
      vertex 105.545454545 91.6363636364 0
      vertex 110.272727273 96.3636363636 0
      vertex 105.545454545 96.3636363636 0
    endloop
  endfacet
  facet normal 0 0 1
    outer loop
      vertex 105.545454545 96.3636363636 0
      vertex 110.272727273 96.3636363636 0
      vertex 110.272727273 101.090909091 0
    endloop
  endfacet
  facet normal 0 -0 1
    outer loop
      vertex 105.545454545 96.3636363636 0
      vertex 110.272727273 101.090909091 0
      vertex 105.545454545 101.090909091 0
    endloop
  endfacet
  facet normal 0 0 1
    outer loop
      vertex 105.545454545 101.090909091 0
      vertex 110.272727273 101.090909091 0
      vertex 110.272727273 105.818181818 0
    endloop
  endfacet
  facet normal 0 0 1
    outer loop
      vertex 105.545454545 101.090909091 0
      vertex 110.272727273 105.818181818 0
      vertex 105.545454545 105.818181818 0
    endloop
  endfacet
  facet normal 0 0 1
    outer loop
      vertex 105.545454545 105.818181818 0
      vertex 110.272727273 105.818181818 0
      vertex 110.272727273 110.545454545 0
    endloop
  endfacet
  facet normal 0 -0 1
    outer loop
      vertex 105.545454545 105.818181818 0
      vertex 110.272727273 110.545454545 0
      vertex 105.545454545 110.545454545 0
    endloop
  endfacet
  facet normal -0 0 1
    outer loop
      vertex 105.545454545 110.545454545 0
      vertex 110.272727273 110.545454545 0
      vertex 110.272727273 115.272727273 0
    endloop
  endfacet
  facet normal 0 0 1
    outer loop
      vertex 105.545454545 110.545454545 0
      vertex 110.272727273 115.272727273 0
      vertex 105.545454545 115.272727273 0
    endloop
  endfacet
  facet normal -0 0 1
    outer loop
      vertex 105.545454545 115.272727273 0
      vertex 110.272727273 115.272727273 0
      vertex 110.272727273 120 0
    endloop
  endfacet
  facet normal 0 -0 1
    outer loop
      vertex 105.545454545 115.272727273 0
      vertex 110.272727273 120 0
      vertex 105.545454545 120 0
    endloop
  endfacet
  facet normal 0 0 1
    outer loop
      vertex 110.272727273 68 0
      vertex 115 68 0
      vertex 115 72.7272727273 0
    endloop
  endfacet
  facet normal 0 -0 1
    outer loop
      vertex 110.272727273 68 0
      vertex 115 72.7272727273 0
      vertex 110.272727273 72.7272727273 0
    endloop
  endfacet
  facet normal 0 0 1
    outer loop
      vertex 110.272727273 72.7272727273 0
      vertex 115 72.7272727273 0
      vertex 115 77.4545454545 0
    endloop
  endfacet
  facet normal 0 0 1
    outer loop
      vertex 110.272727273 72.7272727273 0
      vertex 115 77.4545454545 0
      vertex 110.272727273 77.4545454545 0
    endloop
  endfacet
  facet normal 0 0 1
    outer loop
      vertex 110.272727273 77.4545454545 0
      vertex 115 77.4545454545 0
      vertex 115 82.1818181818 0
    endloop
  endfacet
  facet normal 0 0 1
    outer loop
      vertex 110.272727273 77.4545454545 0
      vertex 115 82.1818181818 0
      vertex 110.272727273 82.1818181818 0
    endloop
  endfacet
  facet normal 0 0 1
    outer loop
      vertex 110.272727273 82.1818181818 0
      vertex 115 82.1818181818 0
      vertex 115 86.9090909091 0
    endloop
  endfacet
  facet normal 0 0 1
    outer loop
      vertex 110.272727273 82.1818181818 0
      vertex 115 86.9090909091 0
      vertex 110.272727273 86.9090909091 0
    endloop
  endfacet
  facet normal -0 0 1
    outer loop
      vertex 110.272727273 86.9090909091 0
      vertex 115 86.9090909091 0
      vertex 115 91.6363636364 0
    endloop
  endfacet
  facet normal 0 -0 1
    outer loop
      vertex 110.272727273 86.9090909091 0
      vertex 115 91.6363636364 0
      vertex 110.272727273 91.6363636364 0
    endloop
  endfacet
  facet normal -0 0 1
    outer loop
      vertex 110.272727273 91.6363636364 0
      vertex 115 91.6363636364 0
      vertex 115 96.3636363636 0
    endloop
  endfacet
  facet normal 0 0 1
    outer loop
      vertex 110.272727273 91.6363636364 0
      vertex 115 96.3636363636 0
      vertex 110.272727273 96.3636363636 0
    endloop
  endfacet
  facet normal 0 0 1
    outer loop
      vertex 110.272727273 96.3636363636 0
      vertex 115 96.3636363636 0
      vertex 115 101.090909091 0
    endloop
  endfacet
  facet normal 0 0 1
    outer loop
      vertex 110.272727273 96.3636363636 0
      vertex 115 101.090909091 0
      vertex 110.272727273 101.090909091 0
    endloop
  endfacet
  facet normal 0 0 1
    outer loop
      vertex 110.272727273 101.090909091 0
      vertex 115 101.090909091 0
      vertex 115 105.818181818 0
    endloop
  endfacet
  facet normal 0 0 1
    outer loop
      vertex 110.272727273 101.090909091 0
      vertex 115 105.818181818 0
      vertex 110.272727273 105.818181818 0
    endloop
  endfacet
  facet normal 0 0 1
    outer loop
      vertex 110.272727273 105.818181818 0
      vertex 115 105.818181818 0
      vertex 115 110.545454545 0
    endloop
  endfacet
  facet normal 0 0 1
    outer loop
      vertex 110.272727273 105.818181818 0
      vertex 115 110.545454545 0
      vertex 110.272727273 110.545454545 0
    endloop
  endfacet
  facet normal 0 0 1
    outer loop
      vertex 110.272727273 110.545454545 0
      vertex 115 110.545454545 0
      vertex 115 115.272727273 0
    endloop
  endfacet
  facet normal 0 -0 1
    outer loop
      vertex 110.272727273 110.545454545 0
      vertex 115 115.272727273 0
      vertex 110.272727273 115.272727273 0
    endloop
  endfacet
  facet normal 0 0 1
    outer loop
      vertex 110.272727273 115.272727273 0
      vertex 115 115.272727273 0
      vertex 115 120 0
    endloop
  endfacet
  facet normal 0 0 1
    outer loop
      vertex 110.272727273 115.272727273 0
      vertex 115 120 0
      vertex 110.272727273 120 0
    endloop
  endfacet
endsolid surface_temps_ground
